{"type":"FeatureCollection","features":[{"type":"Feature","properties":{"id_comuna":3,"cod_suelo":"6600101","codcom":"12","nombre":"Comuna Ferrocarril","norma":"Ac 63/1992","act_geogra":"2006-07-01T04:00:00.000Z","area":1850916.10349},"geometry":{"type":"Polygon","coordinates":[[[-75.725217,4.818305],[-75.725146,4.818253],[-75.72491,4.818108],[-75.72491,4.817969],[-75.724922,4.81788],[-75.724931,4.817849],[-75.724931,4.817823],[-75.724929,4.817794],[-75.724923,4.817768],[-75.724932,4.817741],[-75.724928,4.817612],[-75.724922,4.817558],[-75.724914,4.81752],[-75.724903,4.817501],[-75.7249,4.817413],[-75.724885,4.817306],[-75.724879,4.8172],[-75.724869,4.817132],[-75.724863,4.817054],[-75.72485,4.817019],[-75.724854,4.816992],[-75.724846,4.816861],[-75.724841,4.816848],[-75.724838,4.816829],[-75.724839,4.816812],[-75.724841,4.815809],[-75.725448,4.815778],[-75.726848,4.815595],[-75.727948,4.815434],[-75.728098,4.815428],[-75.728066,4.815125],[-75.728049,4.815124],[-75.728034,4.814982],[-75.727887,4.814276],[-75.727683,4.813423],[-75.727517,4.812895],[-75.727606,4.81218],[-75.72771,4.812266],[-75.727824,4.812409],[-75.727927,4.812564],[-75.728007,4.812731],[-75.728059,4.812887],[-75.728093,4.813121],[-75.728127,4.813185],[-75.728172,4.813206],[-75.728236,4.8132],[-75.728304,4.81315],[-75.728376,4.813093],[-75.728475,4.813045],[-75.72881,4.813092],[-75.728989,4.813055],[-75.729084,4.81297],[-75.729206,4.812836],[-75.729305,4.812708],[-75.729387,4.812574],[-75.729469,4.812427],[-75.729637,4.812288],[-75.729669,4.812239],[-75.729679,4.812192],[-75.729675,4.812119],[-75.729662,4.81204],[-75.729616,4.81194],[-75.729578,4.811711],[-75.729529,4.811445],[-75.729478,4.811267],[-75.729454,4.811148],[-75.729452,4.811089],[-75.72946,4.811045],[-75.729479,4.811015],[-75.72959,4.81091],[-75.729643,4.810821],[-75.72964,4.810803],[-75.729619,4.810766],[-75.729496,4.810581],[-75.729498,4.810541],[-75.729519,4.810502],[-75.729549,4.810492],[-75.7297,4.810505],[-75.729773,4.810463],[-75.72985,4.810394],[-75.729977,4.810263],[-75.73011,4.81013],[-75.730299,4.809952],[-75.730406,4.809901],[-75.730444,4.809896],[-75.7305,4.809892],[-75.730551,4.809892],[-75.730615,4.809903],[-75.730758,4.809948],[-75.730801,4.809939],[-75.730983,4.809883],[-75.731084,4.809885],[-75.731186,4.809896],[-75.731196,4.809904],[-75.731209,4.809921],[-75.731215,4.809937],[-75.731215,4.809963],[-75.731202,4.810002],[-75.731105,4.810098],[-75.730997,4.810225],[-75.730971,4.810362],[-75.730989,4.810434],[-75.731049,4.810493],[-75.731151,4.810548],[-75.731213,4.810605],[-75.731356,4.8108],[-75.731577,4.810826],[-75.73168,4.810829],[-75.731727,4.810821],[-75.73206,4.810713],[-75.732138,4.810712],[-75.732303,4.810721],[-75.732484,4.810687],[-75.73267,4.810632],[-75.732776,4.81054],[-75.732851,4.810439],[-75.732901,4.810337],[-75.732915,4.810295],[-75.732929,4.810042],[-75.732922,4.80976],[-75.732978,4.809616],[-75.733021,4.809438],[-75.733075,4.809308],[-75.733111,4.809375],[-75.733378,4.809713],[-75.733709,4.809919],[-75.733922,4.810013],[-75.733975,4.810019],[-75.733288,4.810493],[-75.732667,4.810941],[-75.732476,4.811068],[-75.732285,4.811245],[-75.732253,4.811298],[-75.73226,4.811385],[-75.732285,4.811438],[-75.732345,4.811477],[-75.732491,4.811477],[-75.732567,4.811461],[-75.732705,4.811418],[-75.73287,4.811384],[-75.732964,4.811402],[-75.733038,4.811446],[-75.733137,4.811567],[-75.733255,4.811793],[-75.73329,4.81185],[-75.73337,4.81188],[-75.733441,4.811892],[-75.733549,4.811878],[-75.733663,4.811846],[-75.733845,4.811771],[-75.733932,4.811769],[-75.734033,4.811792],[-75.734131,4.811859],[-75.734272,4.811973],[-75.734304,4.812015],[-75.734348,4.812101],[-75.734337,4.812164],[-75.734288,4.812287],[-75.734182,4.812457],[-75.734112,4.81255],[-75.734168,4.812957],[-75.734207,4.81312],[-75.734317,4.813214],[-75.734546,4.813319],[-75.734145,4.813385],[-75.732285,4.813763],[-75.731727,4.813952],[-75.731237,4.814265],[-75.730248,4.815112],[-75.73017,4.815253],[-75.730057,4.815554],[-75.730067,4.815666],[-75.730087,4.815725],[-75.730138,4.8158],[-75.730211,4.815838],[-75.730273,4.81586],[-75.730442,4.815904],[-75.730684,4.815951],[-75.730842,4.815969],[-75.730963,4.815971],[-75.731075,4.815963],[-75.731173,4.81595],[-75.73224,4.815713],[-75.73245,4.815689],[-75.732678,4.815696],[-75.733407,4.815773],[-75.733529,4.816015],[-75.734149,4.816068],[-75.734138,4.816271],[-75.734621,4.816667],[-75.734471,4.816958],[-75.734891,4.81727],[-75.735056,4.817373],[-75.735149,4.817421],[-75.735246,4.817462],[-75.735435,4.817522],[-75.735557,4.817554],[-75.736195,4.817641],[-75.737292,4.817815],[-75.737282,4.817732],[-75.738133,4.817689],[-75.738837,4.817545],[-75.738832,4.817506],[-75.73903,4.817433],[-75.739048,4.817467],[-75.739412,4.817339],[-75.739582,4.817204],[-75.739644,4.817097],[-75.73989,4.816367],[-75.739834,4.816322],[-75.739959,4.816179],[-75.740015,4.816225],[-75.740066,4.816208],[-75.7401,4.816248],[-75.74015,4.816254],[-75.740297,4.816102],[-75.740661,4.815911],[-75.740993,4.815785],[-75.74106,4.815744],[-75.741291,4.815566],[-75.74135,4.815515],[-75.741386,4.815468],[-75.741418,4.815419],[-75.741449,4.815364],[-75.741528,4.815194],[-75.741562,4.815102],[-75.741678,4.814689],[-75.741547,4.814658],[-75.741319,4.814657],[-75.741298,4.814578],[-75.741372,4.814537],[-75.741547,4.814529],[-75.741974,4.813953],[-75.742021,4.813923],[-75.741991,4.813842],[-75.742089,4.813781],[-75.742237,4.813742],[-75.742284,4.813861],[-75.742357,4.813839],[-75.742376,4.813898],[-75.742578,4.813817],[-75.742968,4.81369],[-75.743167,4.813525],[-75.743755,4.812864],[-75.744111,4.812508],[-75.744291,4.812357],[-75.744718,4.812073],[-75.745017,4.811949],[-75.745187,4.811887],[-75.745475,4.811799],[-75.745668,4.811749],[-75.745932,4.8117],[-75.746306,4.811668],[-75.747666,4.811503],[-75.747745,4.81149],[-75.747806,4.811476],[-75.747857,4.811462],[-75.748143,4.811347],[-75.748263,4.811271],[-75.748553,4.810988],[-75.748839,4.810616],[-75.748749,4.810516],[-75.748834,4.810395],[-75.748975,4.810277],[-75.749248,4.810195],[-75.749481,4.810249],[-75.749481,4.810325],[-75.749619,4.810288],[-75.749697,4.810279],[-75.749767,4.810267],[-75.749845,4.810248],[-75.749881,4.810235],[-75.749942,4.810207],[-75.750001,4.810171],[-75.7501,4.810132],[-75.750222,4.81012],[-75.750323,4.810104],[-75.750384,4.810079],[-75.750426,4.810047],[-75.750473,4.809983],[-75.750593,4.809758],[-75.750897,4.809943],[-75.751247,4.810148],[-75.751365,4.810207],[-75.751526,4.810268],[-75.752768,4.810678],[-75.753319,4.810855],[-75.754032,4.811099],[-75.75505,4.811431],[-75.756007,4.811748],[-75.756268,4.811831],[-75.756613,4.811947],[-75.757304,4.812172],[-75.757981,4.812404],[-75.758402,4.812539],[-75.758781,4.812669],[-75.759064,4.812745],[-75.75944,4.812869],[-75.760573,4.81325],[-75.760719,4.813315],[-75.762227,4.813791],[-75.762435,4.813855],[-75.762634,4.813903],[-75.762792,4.813939],[-75.763089,4.813984],[-75.763329,4.814008],[-75.763582,4.814015],[-75.763858,4.814004],[-75.764103,4.813972],[-75.764344,4.813925],[-75.764619,4.813851],[-75.764898,4.813747],[-75.765217,4.813597],[-75.766037,4.813165],[-75.767021,4.81262],[-75.768201,4.811966],[-75.768221,4.8121],[-75.768267,4.812451],[-75.768233,4.812511],[-75.768106,4.812651],[-75.767954,4.812781],[-75.767693,4.812972],[-75.767332,4.813246],[-75.767333,4.813277],[-75.767414,4.813357],[-75.767456,4.813371],[-75.767496,4.813392],[-75.767522,4.81341],[-75.767545,4.813468],[-75.767608,4.813553],[-75.767641,4.813597],[-75.767679,4.813631],[-75.767716,4.813656],[-75.767731,4.813661],[-75.767748,4.813661],[-75.767852,4.813573],[-75.76787,4.813561],[-75.767893,4.813552],[-75.767919,4.813549],[-75.767981,4.813562],[-75.768045,4.813597],[-75.76822,4.813656],[-75.768492,4.813707],[-75.768774,4.813801],[-75.768845,4.813838],[-75.769011,4.813982],[-75.769074,4.814087],[-75.769112,4.814086],[-75.769124,4.814101],[-75.76916,4.8143],[-75.769174,4.814324],[-75.769182,4.814349],[-75.769186,4.814372],[-75.769187,4.81448],[-75.769178,4.814499],[-75.76917,4.814523],[-75.769167,4.814552],[-75.769168,4.814574],[-75.769125,4.814678],[-75.769117,4.814711],[-75.769059,4.814809],[-75.768998,4.814845],[-75.768938,4.814927],[-75.768897,4.815047],[-75.768865,4.815224],[-75.768854,4.815245],[-75.768799,4.815303],[-75.768804,4.815395],[-75.76879,4.815431],[-75.768791,4.815508],[-75.76878,4.81553],[-75.768795,4.815589],[-75.768792,4.815632],[-75.768762,4.815659],[-75.768693,4.815692],[-75.768669,4.815707],[-75.768642,4.815733],[-75.768624,4.815761],[-75.768626,4.815892],[-75.768641,4.815953],[-75.768647,4.81608],[-75.768666,4.816161],[-75.768656,4.816239],[-75.768651,4.816309],[-75.76841,4.816427],[-75.767805,4.817016],[-75.767665,4.817109],[-75.766781,4.817341],[-75.766363,4.817387],[-75.765401,4.81754],[-75.765045,4.817648],[-75.764704,4.817663],[-75.764053,4.817615],[-75.763588,4.817506],[-75.763201,4.817365],[-75.762938,4.817209],[-75.762675,4.81696],[-75.762428,4.816539],[-75.762118,4.816197],[-75.761871,4.81601],[-75.76167,4.815947],[-75.76136,4.815915],[-75.760334,4.815913],[-75.760078,4.815956],[-75.759433,4.816153],[-75.758716,4.816225],[-75.758182,4.816232],[-75.757809,4.816216],[-75.757516,4.816128],[-75.757282,4.816002],[-75.757172,4.815907],[-75.757019,4.815818],[-75.756756,4.815678],[-75.756492,4.815582],[-75.756141,4.815398],[-75.755849,4.81528],[-75.755454,4.814927],[-75.75503,4.814684],[-75.754833,4.814507],[-75.754614,4.814272],[-75.754432,4.813917],[-75.754344,4.813728],[-75.754193,4.813589],[-75.754081,4.813448],[-75.753927,4.81334],[-75.75376,4.813264],[-75.753226,4.813146],[-75.75245,4.813041],[-75.75204,4.813011],[-75.751652,4.812996],[-75.751425,4.812995],[-75.751096,4.813016],[-75.750686,4.813074],[-75.750488,4.813089],[-75.750261,4.813081],[-75.750064,4.813073],[-75.749734,4.813146],[-75.749551,4.813263],[-75.749346,4.813483],[-75.749155,4.81382],[-75.749074,4.813923],[-75.748971,4.814003],[-75.748496,4.814039],[-75.748122,4.814068],[-75.747581,4.814015],[-75.74723,4.814022],[-75.747003,4.814073],[-75.746827,4.814146],[-75.745992,4.814453],[-75.745552,4.814577],[-75.745362,4.814606],[-75.745098,4.814671],[-75.744944,4.81471],[-75.744688,4.8147],[-75.744549,4.814677],[-75.744426,4.814713],[-75.744322,4.814787],[-75.74419,4.81489],[-75.74408,4.815058],[-75.744021,4.815198],[-75.743955,4.815432],[-75.743778,4.815953],[-75.743698,4.8161],[-75.743653,4.816261],[-75.743565,4.816445],[-75.743388,4.816966],[-75.743263,4.817692],[-75.743138,4.817993],[-75.743064,4.81811],[-75.742969,4.818235],[-75.742764,4.818403],[-75.742645,4.818469],[-75.742566,4.818491],[-75.742411,4.818578],[-75.742219,4.818641],[-75.742159,4.818675],[-75.742038,4.818781],[-75.74194,4.818818],[-75.741767,4.818871],[-75.74156,4.819018],[-75.741432,4.819131],[-75.741304,4.819187],[-75.74124,4.819228],[-75.741115,4.819375],[-75.741062,4.819481],[-75.740934,4.819711],[-75.740869,4.819922],[-75.740824,4.820137],[-75.740741,4.820318],[-75.740658,4.820424],[-75.740563,4.820492],[-75.740383,4.820563],[-75.740168,4.820623],[-75.739611,4.820682],[-75.739223,4.820666],[-75.738979,4.820602],[-75.738783,4.820522],[-75.738652,4.820466],[-75.738556,4.820423],[-75.738465,4.820385],[-75.738215,4.82026],[-75.737718,4.819957],[-75.73731,4.819691],[-75.736747,4.819411],[-75.736416,4.81922],[-75.73573,4.819019],[-75.735463,4.818983],[-75.735217,4.818932],[-75.734949,4.818832],[-75.734693,4.818698],[-75.734137,4.818261],[-75.73327,4.818041],[-75.732914,4.81802],[-75.732296,4.817892],[-75.731683,4.817758],[-75.731097,4.817638],[-75.73067,4.817489],[-75.73027,4.817261],[-75.730074,4.817173],[-75.729895,4.817139],[-75.729649,4.817146],[-75.729485,4.81716],[-75.729395,4.817189],[-75.729266,4.817262],[-75.728876,4.817457],[-75.728741,4.817583],[-75.728491,4.817724],[-75.728281,4.817907],[-75.727992,4.818045],[-75.727567,4.818287],[-75.727222,4.818599],[-75.726804,4.818899],[-75.72649,4.819045],[-75.726208,4.819227],[-75.726123,4.819276],[-75.726048,4.819284],[-75.725949,4.819257],[-75.725829,4.819155],[-75.725498,4.818639],[-75.725339,4.818437],[-75.725217,4.818305]]]}},{"type":"Feature","properties":{"id_comuna":14,"cod_suelo":"6600101","codcom":"07","nombre":"Comuna Boston","norma":"Ac 2/1999","act_geogra":"2006-12-27T05:00:00.000Z","area":1773483.80079},"geometry":{"type":"Polygon","coordinates":[[[-75.70022,4.810305],[-75.700028,4.810267],[-75.699647,4.810247],[-75.699296,4.810228],[-75.698898,4.810204],[-75.698628,4.810197],[-75.698485,4.810181],[-75.698193,4.81001],[-75.698004,4.809868],[-75.697614,4.809251],[-75.697398,4.808962],[-75.697166,4.808846],[-75.696873,4.808777],[-75.6966,4.808685],[-75.696177,4.808652],[-75.695568,4.808591],[-75.695089,4.808542],[-75.694786,4.808512],[-75.694049,4.808407],[-75.693709,4.808377],[-75.693494,4.808419],[-75.693319,4.808505],[-75.69324,4.808567],[-75.693205,4.808857],[-75.692852,4.809382],[-75.692714,4.80923],[-75.692498,4.809271],[-75.692235,4.809253],[-75.692432,4.807574],[-75.692006,4.80753],[-75.692036,4.806949],[-75.692086,4.806942],[-75.692101,4.806628],[-75.692623,4.80668],[-75.692682,4.806166],[-75.692658,4.806114],[-75.692573,4.805829],[-75.692472,4.805608],[-75.692371,4.805394],[-75.692267,4.805207],[-75.692171,4.805015],[-75.692131,4.804895],[-75.692128,4.804731],[-75.692157,4.804579],[-75.692303,4.804231],[-75.692418,4.803978],[-75.692468,4.803882],[-75.692499,4.80379],[-75.692511,4.803681],[-75.692492,4.803621],[-75.692473,4.803561],[-75.692457,4.803516],[-75.692433,4.803477],[-75.692401,4.803451],[-75.692366,4.803435],[-75.692291,4.803424],[-75.692042,4.803391],[-75.691962,4.803377],[-75.69193,4.80336],[-75.69191,4.803338],[-75.691893,4.803314],[-75.691878,4.803249],[-75.691876,4.803209],[-75.691878,4.803179],[-75.691887,4.803122],[-75.691907,4.803061],[-75.691949,4.803006],[-75.692035,4.802945],[-75.692109,4.802925],[-75.692196,4.802935],[-75.692599,4.803065],[-75.692827,4.803124],[-75.692898,4.803125],[-75.693319,4.803009],[-75.69352,4.803026],[-75.693837,4.802983],[-75.693988,4.802518],[-75.694196,4.801899],[-75.694256,4.801434],[-75.69425,4.801038],[-75.694198,4.800907],[-75.694162,4.800722],[-75.694147,4.800518],[-75.694183,4.800259],[-75.694325,4.799777],[-75.69464,4.798636],[-75.694669,4.798505],[-75.694249,4.798351],[-75.694297,4.79758],[-75.694272,4.797333],[-75.694204,4.796928],[-75.694097,4.796391],[-75.694063,4.796328],[-75.693861,4.795734],[-75.693852,4.795686],[-75.69362,4.795004],[-75.693561,4.794877],[-75.693205,4.795449],[-75.692459,4.794991],[-75.692117,4.794752],[-75.69226,4.794614],[-75.692337,4.794609],[-75.692523,4.79464],[-75.692659,4.794652],[-75.692724,4.794649],[-75.692832,4.79461],[-75.693535,4.793994],[-75.693708,4.793537],[-75.69307,4.793211],[-75.693262,4.793091],[-75.693357,4.793057],[-75.693415,4.793019],[-75.69348,4.792962],[-75.693542,4.792838],[-75.693568,4.792716],[-75.693608,4.792605],[-75.693655,4.792515],[-75.693743,4.792414],[-75.693834,4.792353],[-75.693765,4.792251],[-75.693654,4.792081],[-75.693543,4.791947],[-75.693461,4.791878],[-75.693355,4.791812],[-75.693261,4.79176],[-75.693159,4.791723],[-75.693073,4.791702],[-75.69293,4.791697],[-75.692884,4.791698],[-75.692824,4.791674],[-75.692777,4.791639],[-75.692743,4.791607],[-75.692714,4.791546],[-75.692691,4.791479],[-75.692672,4.79142],[-75.69266,4.79137],[-75.692641,4.791307],[-75.692631,4.791261],[-75.692621,4.791191],[-75.692638,4.791144],[-75.693051,4.791323],[-75.693181,4.791365],[-75.693245,4.791392],[-75.693317,4.791414],[-75.693377,4.791424],[-75.693464,4.791428],[-75.693512,4.791424],[-75.69358,4.791414],[-75.693661,4.791405],[-75.69373,4.791399],[-75.693817,4.791368],[-75.693922,4.791346],[-75.694,4.791341],[-75.694048,4.791334],[-75.694072,4.791332],[-75.69416,4.791314],[-75.69423,4.791292],[-75.694253,4.791282],[-75.694334,4.791264],[-75.694396,4.791236],[-75.694439,4.791209],[-75.694556,4.791171],[-75.694585,4.791154],[-75.694653,4.791181],[-75.69473,4.791183],[-75.694835,4.791186],[-75.69486,4.791187],[-75.694903,4.791179],[-75.694947,4.791162],[-75.694975,4.791155],[-75.695013,4.79114],[-75.695202,4.791015],[-75.695369,4.790948],[-75.695432,4.790918],[-75.695512,4.790876],[-75.695651,4.790833],[-75.695703,4.790813],[-75.695751,4.790804],[-75.695928,4.790816],[-75.69605,4.790796],[-75.69605,4.790724],[-75.696118,4.790509],[-75.696299,4.789991],[-75.69633,4.78987],[-75.696343,4.78968],[-75.696357,4.789517],[-75.696363,4.789221],[-75.696358,4.789107],[-75.696347,4.789007],[-75.696334,4.788898],[-75.696307,4.788759],[-75.696288,4.788678],[-75.696245,4.788501],[-75.696194,4.788324],[-75.696113,4.788139],[-75.696089,4.788096],[-75.696016,4.78802],[-75.695935,4.787952],[-75.695894,4.787927],[-75.695846,4.787903],[-75.695797,4.787881],[-75.695748,4.787859],[-75.695678,4.787837],[-75.69544,4.787763],[-75.695294,4.787711],[-75.694947,4.787596],[-75.694538,4.787468],[-75.694455,4.787432],[-75.694363,4.787383],[-75.694271,4.787315],[-75.694131,4.787146],[-75.694196,4.787133],[-75.694269,4.787114],[-75.6944,4.787053],[-75.694445,4.787037],[-75.694478,4.787014],[-75.694508,4.786993],[-75.694631,4.786911],[-75.694741,4.786841],[-75.69483,4.786788],[-75.694989,4.786721],[-75.695007,4.786717],[-75.695025,4.786715],[-75.695047,4.786716],[-75.695067,4.786718],[-75.695114,4.786736],[-75.695169,4.786775],[-75.695459,4.787094],[-75.695648,4.787259],[-75.695871,4.787382],[-75.696077,4.787449],[-75.696284,4.787465],[-75.696604,4.787508],[-75.696829,4.787524],[-75.69692,4.787544],[-75.696953,4.787567],[-75.696968,4.787592],[-75.696968,4.78763],[-75.696956,4.7877],[-75.696944,4.787728],[-75.696813,4.788012],[-75.696784,4.788128],[-75.696766,4.788365],[-75.696872,4.78851],[-75.696904,4.788553],[-75.697213,4.789116],[-75.697217,4.789128],[-75.697289,4.789345],[-75.697328,4.789899],[-75.697349,4.790467],[-75.697388,4.790851],[-75.697338,4.79114],[-75.697317,4.791408],[-75.697341,4.791696],[-75.697391,4.791897],[-75.697442,4.792067],[-75.697454,4.792152],[-75.697449,4.792226],[-75.69744,4.792288],[-75.697429,4.792334],[-75.697351,4.792431],[-75.697272,4.79252],[-75.697283,4.792564],[-75.697304,4.79259],[-75.697342,4.79261],[-75.697427,4.792654],[-75.697916,4.792812],[-75.698261,4.792945],[-75.698727,4.793205],[-75.698945,4.793365],[-75.699123,4.793533],[-75.699267,4.793714],[-75.699333,4.793819],[-75.699368,4.793886],[-75.699398,4.79395],[-75.699416,4.793986],[-75.699451,4.794127],[-75.699475,4.79423],[-75.699495,4.794332],[-75.699501,4.794359],[-75.699503,4.794388],[-75.699482,4.794889],[-75.699451,4.795118],[-75.699352,4.795372],[-75.69932,4.795511],[-75.6993,4.795591],[-75.6993,4.795666],[-75.699329,4.795736],[-75.699503,4.795976],[-75.699574,4.796042],[-75.699673,4.796135],[-75.699894,4.796311],[-75.700079,4.796388],[-75.700342,4.796461],[-75.70037,4.796469],[-75.700569,4.796574],[-75.700648,4.796623],[-75.700718,4.796667],[-75.700813,4.796742],[-75.700831,4.796777],[-75.70084,4.796799],[-75.700846,4.796857],[-75.700844,4.796909],[-75.700834,4.796957],[-75.700737,4.797092],[-75.700669,4.79724],[-75.70064,4.797385],[-75.700636,4.797699],[-75.700758,4.798066],[-75.700831,4.798403],[-75.700869,4.798524],[-75.701016,4.798853],[-75.701066,4.798905],[-75.701126,4.798956],[-75.701166,4.798986],[-75.701226,4.799004],[-75.701505,4.799005],[-75.701588,4.799033],[-75.70171,4.799089],[-75.701822,4.799138],[-75.701924,4.79918],[-75.702012,4.799241],[-75.702159,4.79934],[-75.702235,4.799415],[-75.70226,4.799466],[-75.702279,4.799549],[-75.702295,4.799761],[-75.702292,4.79996],[-75.702375,4.800254],[-75.70237,4.800374],[-75.702346,4.800471],[-75.702196,4.800654],[-75.702142,4.800832],[-75.702267,4.801201],[-75.702517,4.801725],[-75.70264,4.801902],[-75.702654,4.801922],[-75.70276,4.801995],[-75.702948,4.802086],[-75.703065,4.802158],[-75.703152,4.802209],[-75.703268,4.802291],[-75.703381,4.802386],[-75.703491,4.8025],[-75.703562,4.802583],[-75.703635,4.802674],[-75.703683,4.802737],[-75.703763,4.802876],[-75.703814,4.803015],[-75.703864,4.803194],[-75.703892,4.803331],[-75.703908,4.803485],[-75.703913,4.8037],[-75.703938,4.803841],[-75.703954,4.803897],[-75.703993,4.803927],[-75.704093,4.803981],[-75.704169,4.804025],[-75.70423,4.804064],[-75.704167,4.804128],[-75.704034,4.804141],[-75.703938,4.804148],[-75.703842,4.804154],[-75.703776,4.804175],[-75.703696,4.804211],[-75.703625,4.804257],[-75.703402,4.804289],[-75.703402,4.804352],[-75.70339,4.804382],[-75.703367,4.804427],[-75.703355,4.804479],[-75.703357,4.804491],[-75.703395,4.804541],[-75.703396,4.804553],[-75.7034,4.804564],[-75.703405,4.804601],[-75.703402,4.804639],[-75.703394,4.804686],[-75.70338,4.804735],[-75.703379,4.80484],[-75.703369,4.804871],[-75.703369,4.804886],[-75.703367,4.804897],[-75.703304,4.80498],[-75.703288,4.80502],[-75.703286,4.805046],[-75.703287,4.805074],[-75.703292,4.805105],[-75.703297,4.805126],[-75.703291,4.805194],[-75.703268,4.805268],[-75.703228,4.805377],[-75.703197,4.805456],[-75.703174,4.805508],[-75.70316,4.805594],[-75.703179,4.805816],[-75.703531,4.805848],[-75.703529,4.805877],[-75.703461,4.806037],[-75.703362,4.806202],[-75.703174,4.806156],[-75.703185,4.80629],[-75.703159,4.806379],[-75.703085,4.806464],[-75.703057,4.806486],[-75.70302,4.806509],[-75.702983,4.806525],[-75.702667,4.806597],[-75.702427,4.806688],[-75.702165,4.806808],[-75.701773,4.806993],[-75.701505,4.807027],[-75.701284,4.807006],[-75.701095,4.80694],[-75.700633,4.806754],[-75.700687,4.806803],[-75.700731,4.806877],[-75.700767,4.806954],[-75.700789,4.807013],[-75.700806,4.807101],[-75.700812,4.807208],[-75.700806,4.807301],[-75.700789,4.807386],[-75.700746,4.807504],[-75.700495,4.807969],[-75.700224,4.808424],[-75.700171,4.808881],[-75.700073,4.809081],[-75.700064,4.809091],[-75.700097,4.809224],[-75.700217,4.810196],[-75.70022,4.810305]]]}},{"type":"Feature","properties":{"id_comuna":15,"cod_suelo":"6600101","codcom":"09","nombre":"Comuna Cuba","norma":"Ac 63/1992","act_geogra":"2006-07-01T04:00:00.000Z","area":758100.153447},"geometry":{"type":"Polygon","coordinates":[[[-75.733075,4.809308],[-75.7329,4.808989],[-75.732843,4.808719],[-75.732821,4.808258],[-75.732772,4.807932],[-75.732621,4.807666],[-75.732349,4.807435],[-75.732025,4.807341],[-75.731702,4.80734],[-75.730835,4.807675],[-75.730862,4.807197],[-75.730897,4.806793],[-75.730933,4.806565],[-75.730992,4.806366],[-75.731027,4.806284],[-75.731157,4.806071],[-75.73128,4.805943],[-75.731333,4.805902],[-75.731513,4.805795],[-75.731675,4.805735],[-75.731838,4.805698],[-75.731955,4.805688],[-75.732096,4.805697],[-75.732481,4.805774],[-75.73305,4.80594],[-75.733346,4.806038],[-75.733501,4.80608],[-75.733809,4.806126],[-75.733998,4.806135],[-75.734157,4.806128],[-75.734407,4.806096],[-75.734652,4.805986],[-75.736284,4.805328],[-75.736414,4.805261],[-75.736518,4.805187],[-75.736653,4.805052],[-75.736733,4.804945],[-75.73681,4.804783],[-75.736907,4.804456],[-75.737238,4.803415],[-75.737309,4.803216],[-75.737468,4.802676],[-75.737668,4.80206],[-75.738009,4.80096],[-75.738327,4.801079],[-75.73889,4.801245],[-75.738985,4.801288],[-75.73912,4.801356],[-75.739193,4.801413],[-75.73936,4.801689],[-75.739492,4.801829],[-75.739788,4.802111],[-75.739832,4.802178],[-75.739839,4.802223],[-75.739843,4.802447],[-75.739882,4.802583],[-75.739934,4.802668],[-75.739984,4.802711],[-75.740056,4.802749],[-75.740446,4.802861],[-75.740535,4.802871],[-75.740599,4.802858],[-75.740648,4.802832],[-75.740779,4.802704],[-75.74088,4.802617],[-75.741158,4.802718],[-75.741282,4.802747],[-75.741464,4.80275],[-75.741662,4.802725],[-75.741709,4.802705],[-75.741864,4.802659],[-75.742013,4.802541],[-75.742181,4.802363],[-75.742247,4.802307],[-75.742483,4.802188],[-75.742625,4.802086],[-75.74267,4.80202],[-75.742686,4.8019],[-75.742722,4.801869],[-75.742754,4.801848],[-75.742791,4.801847],[-75.742903,4.801937],[-75.743164,4.802262],[-75.743213,4.802295],[-75.743388,4.802375],[-75.743587,4.802472],[-75.743617,4.80248],[-75.743715,4.802491],[-75.743769,4.80249],[-75.743813,4.802468],[-75.743846,4.802442],[-75.743875,4.802409],[-75.744142,4.802012],[-75.744167,4.801975],[-75.744207,4.801942],[-75.744234,4.801934],[-75.744278,4.801938],[-75.744454,4.801986],[-75.744655,4.801985],[-75.744893,4.802078],[-75.745106,4.802167],[-75.745175,4.802177],[-75.745351,4.802183],[-75.745552,4.802237],[-75.745786,4.802229],[-75.745993,4.802322],[-75.746171,4.802394],[-75.746225,4.802434],[-75.746269,4.802478],[-75.746309,4.802544],[-75.746326,4.802608],[-75.746258,4.802653],[-75.746189,4.802708],[-75.746141,4.802775],[-75.746109,4.802834],[-75.746061,4.803185],[-75.746038,4.803288],[-75.746003,4.803378],[-75.745961,4.803448],[-75.745903,4.803501],[-75.745824,4.803546],[-75.745724,4.803588],[-75.745632,4.803598],[-75.745551,4.803592],[-75.745455,4.803579],[-75.745411,4.803598],[-75.745312,4.803668],[-75.745213,4.803745],[-75.745083,4.803871],[-75.744927,4.804027],[-75.744868,4.804065],[-75.744802,4.804096],[-75.744693,4.804117],[-75.744634,4.804135],[-75.74455,4.804185],[-75.744468,4.804239],[-75.744408,4.804308],[-75.74436,4.804402],[-75.744252,4.804537],[-75.744189,4.804583],[-75.744171,4.80461],[-75.744161,4.804635],[-75.744154,4.804666],[-75.744146,4.805263],[-75.744136,4.805311],[-75.744073,4.805527],[-75.743965,4.805722],[-75.743852,4.805916],[-75.743717,4.806102],[-75.743664,4.806162],[-75.743605,4.806185],[-75.743463,4.806197],[-75.743327,4.806232],[-75.743228,4.806271],[-75.743173,4.806302],[-75.7431,4.806384],[-75.743059,4.806466],[-75.743046,4.806541],[-75.743042,4.80665],[-75.743044,4.806777],[-75.743016,4.806862],[-75.742934,4.806966],[-75.742729,4.807096],[-75.742575,4.807141],[-75.742404,4.807179],[-75.742277,4.807191],[-75.741812,4.807174],[-75.741515,4.807226],[-75.741302,4.80729],[-75.741128,4.807366],[-75.741021,4.807427],[-75.740806,4.807677],[-75.74075,4.807714],[-75.740696,4.807743],[-75.740647,4.807747],[-75.740598,4.80774],[-75.740508,4.807708],[-75.739909,4.807512],[-75.739823,4.807499],[-75.739698,4.807495],[-75.739603,4.8075],[-75.739495,4.807512],[-75.739409,4.807559],[-75.739325,4.807625],[-75.739232,4.807704],[-75.739178,4.80777],[-75.739089,4.807951],[-75.738985,4.808138],[-75.738899,4.808246],[-75.738796,4.808361],[-75.738683,4.80847],[-75.738533,4.8086],[-75.738406,4.80869],[-75.73826,4.808819],[-75.737974,4.809004],[-75.737916,4.809056],[-75.737857,4.809144],[-75.737674,4.809385],[-75.737603,4.809447],[-75.737526,4.809487],[-75.737459,4.809509],[-75.737301,4.809522],[-75.73718,4.809518],[-75.736972,4.809478],[-75.736762,4.809446],[-75.736385,4.809456],[-75.736156,4.809463],[-75.73598,4.809479],[-75.735848,4.809504],[-75.735732,4.809534],[-75.735564,4.809547],[-75.735377,4.809553],[-75.735293,4.809533],[-75.735221,4.809483],[-75.735169,4.809434],[-75.735073,4.80958],[-75.734834,4.809819],[-75.734399,4.809997],[-75.734067,4.81003],[-75.733975,4.810019],[-75.733922,4.810013],[-75.733709,4.809919],[-75.733378,4.809713],[-75.733111,4.809375],[-75.733075,4.809308]]]}},{"type":"Feature","properties":{"id_comuna":10,"cod_suelo":"6600101","codcom":"11","nombre":"Comuna Olimpica","norma":"Ac 63/1992","act_geogra":"2006-07-01T04:00:00.000Z","area":3069008.85301},"geometry":{"type":"Polygon","coordinates":[[[-75.733975,4.810019],[-75.734067,4.81003],[-75.734399,4.809997],[-75.734834,4.809819],[-75.735073,4.80958],[-75.735169,4.809434],[-75.735221,4.809483],[-75.735293,4.809533],[-75.735377,4.809553],[-75.735564,4.809547],[-75.735732,4.809534],[-75.735848,4.809504],[-75.73598,4.809479],[-75.736156,4.809463],[-75.736385,4.809456],[-75.736762,4.809446],[-75.736972,4.809478],[-75.73718,4.809518],[-75.737301,4.809522],[-75.737459,4.809509],[-75.737526,4.809487],[-75.737603,4.809447],[-75.737674,4.809385],[-75.737857,4.809144],[-75.737916,4.809056],[-75.737974,4.809004],[-75.73826,4.808819],[-75.738406,4.80869],[-75.738533,4.8086],[-75.738683,4.80847],[-75.738796,4.808361],[-75.738899,4.808246],[-75.738985,4.808138],[-75.739089,4.807951],[-75.739178,4.80777],[-75.739232,4.807704],[-75.739325,4.807625],[-75.739409,4.807559],[-75.739495,4.807512],[-75.739603,4.8075],[-75.739698,4.807495],[-75.739823,4.807499],[-75.739909,4.807512],[-75.740508,4.807708],[-75.740598,4.80774],[-75.740647,4.807747],[-75.740696,4.807743],[-75.74075,4.807714],[-75.740806,4.807677],[-75.741021,4.807427],[-75.741128,4.807366],[-75.741302,4.80729],[-75.741515,4.807226],[-75.741812,4.807174],[-75.742277,4.807191],[-75.742404,4.807179],[-75.742575,4.807141],[-75.742729,4.807096],[-75.742934,4.806966],[-75.743016,4.806862],[-75.743044,4.806777],[-75.743042,4.80665],[-75.743046,4.806541],[-75.743059,4.806466],[-75.7431,4.806384],[-75.743173,4.806302],[-75.743228,4.806271],[-75.743327,4.806232],[-75.743463,4.806197],[-75.743605,4.806185],[-75.743664,4.806162],[-75.743717,4.806102],[-75.743852,4.805916],[-75.743965,4.805722],[-75.744073,4.805527],[-75.744136,4.805311],[-75.744146,4.805263],[-75.744154,4.804666],[-75.744161,4.804635],[-75.744171,4.80461],[-75.744189,4.804583],[-75.744252,4.804537],[-75.74436,4.804402],[-75.744408,4.804308],[-75.744468,4.804239],[-75.74455,4.804185],[-75.744634,4.804135],[-75.744693,4.804117],[-75.744802,4.804096],[-75.744868,4.804065],[-75.744927,4.804027],[-75.745083,4.803871],[-75.745213,4.803745],[-75.745312,4.803668],[-75.745411,4.803598],[-75.745455,4.803579],[-75.745551,4.803592],[-75.745632,4.803598],[-75.745724,4.803588],[-75.745824,4.803546],[-75.745903,4.803501],[-75.745961,4.803448],[-75.746003,4.803378],[-75.746038,4.803288],[-75.746061,4.803185],[-75.746109,4.802834],[-75.746141,4.802775],[-75.746189,4.802708],[-75.746258,4.802653],[-75.746326,4.802608],[-75.746309,4.802544],[-75.746269,4.802478],[-75.746225,4.802434],[-75.746171,4.802394],[-75.745993,4.802322],[-75.745786,4.802229],[-75.745552,4.802237],[-75.745351,4.802183],[-75.745175,4.802177],[-75.745106,4.802167],[-75.744893,4.802078],[-75.744655,4.801985],[-75.744454,4.801986],[-75.744278,4.801938],[-75.744234,4.801934],[-75.744207,4.801942],[-75.744167,4.801975],[-75.744142,4.802012],[-75.743875,4.802409],[-75.743846,4.802442],[-75.743813,4.802468],[-75.743769,4.80249],[-75.743715,4.802491],[-75.743617,4.80248],[-75.743587,4.802472],[-75.743388,4.802375],[-75.743213,4.802295],[-75.743164,4.802262],[-75.742903,4.801937],[-75.742791,4.801847],[-75.742754,4.801848],[-75.742553,4.801677],[-75.742334,4.801536],[-75.741946,4.801308],[-75.742481,4.800601],[-75.742714,4.800245],[-75.743002,4.799862],[-75.743116,4.799763],[-75.743196,4.799711],[-75.743382,4.799631],[-75.74358,4.799602],[-75.745843,4.799678],[-75.746166,4.799713],[-75.746702,4.799928],[-75.748404,4.800862],[-75.748714,4.801019],[-75.749004,4.801088],[-75.749199,4.801117],[-75.749926,4.80165],[-75.750546,4.80211],[-75.750631,4.802101],[-75.750855,4.802093],[-75.751011,4.802111],[-75.751332,4.802201],[-75.751514,4.802217],[-75.751738,4.802215],[-75.751816,4.802195],[-75.751895,4.802139],[-75.751964,4.802081],[-75.752056,4.801961],[-75.752126,4.801804],[-75.752208,4.801534],[-75.752271,4.801302],[-75.752317,4.801189],[-75.752363,4.80112],[-75.752397,4.801079],[-75.752423,4.801063],[-75.752453,4.801053],[-75.752478,4.801047],[-75.752511,4.801045],[-75.752548,4.80105],[-75.752582,4.80106],[-75.752615,4.801076],[-75.75265,4.801099],[-75.752674,4.801117],[-75.752717,4.801179],[-75.752766,4.801272],[-75.752891,4.801477],[-75.752943,4.801593],[-75.752987,4.801718],[-75.753037,4.801956],[-75.7531,4.802179],[-75.753114,4.802339],[-75.753131,4.802391],[-75.753156,4.802428],[-75.753197,4.80245],[-75.753232,4.802464],[-75.753269,4.802473],[-75.753303,4.802478],[-75.75335,4.802473],[-75.753401,4.802443],[-75.753464,4.802387],[-75.75355,4.802271],[-75.75368,4.802069],[-75.753751,4.801886],[-75.753914,4.801622],[-75.754086,4.801361],[-75.754184,4.80124],[-75.754257,4.80114],[-75.754437,4.800963],[-75.754485,4.800923],[-75.754545,4.800902],[-75.754608,4.800903],[-75.754662,4.800928],[-75.754712,4.800988],[-75.754767,4.801113],[-75.754811,4.801236],[-75.75485,4.801571],[-75.754961,4.801756],[-75.755001,4.801802],[-75.755104,4.801891],[-75.755286,4.801993],[-75.755642,4.802177],[-75.755856,4.802275],[-75.756033,4.802335],[-75.756182,4.80238],[-75.756381,4.802414],[-75.756495,4.802415],[-75.756921,4.802387],[-75.757067,4.802404],[-75.7572,4.802423],[-75.757292,4.802442],[-75.757369,4.802497],[-75.757465,4.80259],[-75.757555,4.802703],[-75.757705,4.803044],[-75.758184,4.803505],[-75.758286,4.803561],[-75.75856,4.803629],[-75.758746,4.803651],[-75.758837,4.803652],[-75.758888,4.80363],[-75.758929,4.803592],[-75.758962,4.803556],[-75.758993,4.803515],[-75.759038,4.80341],[-75.75905,4.803231],[-75.759049,4.803048],[-75.759065,4.80299],[-75.759045,4.802935],[-75.759007,4.802778],[-75.75901,4.802662],[-75.759037,4.802557],[-75.759108,4.802463],[-75.759253,4.802342],[-75.75936,4.802279],[-75.759382,4.802267],[-75.759463,4.802222],[-75.759959,4.802228],[-75.760149,4.802181],[-75.760566,4.802023],[-75.760619,4.801998],[-75.760757,4.802031],[-75.7608,4.802081],[-75.760807,4.802135],[-75.760803,4.802192],[-75.760739,4.802381],[-75.760717,4.802488],[-75.760717,4.802545],[-75.760731,4.802609],[-75.76077,4.80268],[-75.760813,4.802723],[-75.760914,4.802747],[-75.761083,4.802795],[-75.761161,4.80282],[-75.761399,4.802903],[-75.761593,4.802945],[-75.761978,4.803004],[-75.762053,4.803038],[-75.762105,4.803065],[-75.762133,4.803117],[-75.76214,4.803173],[-75.762137,4.803256],[-75.76214,4.803353],[-75.762109,4.80356],[-75.762071,4.803773],[-75.762086,4.803932],[-75.762115,4.80409],[-75.76215,4.804187],[-75.762232,4.804384],[-75.762353,4.804632],[-75.762437,4.804738],[-75.762536,4.804853],[-75.762643,4.804988],[-75.762855,4.805395],[-75.763076,4.805818],[-75.763148,4.805922],[-75.763224,4.805997],[-75.763343,4.806084],[-75.763451,4.806131],[-75.763583,4.806156],[-75.763643,4.806133],[-75.76368,4.806084],[-75.763714,4.806001],[-75.763732,4.805894],[-75.763738,4.805775],[-75.763765,4.805685],[-75.763804,4.805596],[-75.763875,4.8055],[-75.763982,4.805386],[-75.764054,4.805326],[-75.764192,4.805298],[-75.764295,4.805301],[-75.764395,4.805316],[-75.764494,4.805351],[-75.764548,4.80538],[-75.764581,4.805407],[-75.764634,4.805477],[-75.764684,4.805537],[-75.764721,4.805588],[-75.764739,4.805664],[-75.764746,4.805717],[-75.764758,4.80581],[-75.76477,4.805896],[-75.764807,4.80603],[-75.764841,4.80613],[-75.764869,4.806185],[-75.764912,4.806238],[-75.764999,4.80632],[-75.765086,4.806358],[-75.765221,4.806405],[-75.765282,4.806399],[-75.765349,4.806384],[-75.765474,4.806327],[-75.765787,4.806185],[-75.766004,4.8061],[-75.766139,4.806036],[-75.766171,4.805997],[-75.76621,4.805904],[-75.766225,4.805836],[-75.766214,4.805729],[-75.766123,4.805464],[-75.765982,4.805195],[-75.765963,4.805094],[-75.765965,4.804975],[-75.765991,4.804861],[-75.76611,4.804624],[-75.766142,4.804577],[-75.766192,4.804542],[-75.766252,4.804531],[-75.766366,4.804521],[-75.76643,4.804525],[-75.76663,4.804551],[-75.766752,4.804586],[-75.766879,4.804631],[-75.766998,4.804697],[-75.767126,4.8048],[-75.767218,4.804868],[-75.767282,4.804929],[-75.767414,4.805051],[-75.767488,4.80514],[-75.767534,4.805204],[-75.767548,4.805265],[-75.767548,4.805429],[-75.767541,4.805493],[-75.767494,4.805668],[-75.767458,4.805785],[-75.767397,4.80606],[-75.767387,4.806156],[-75.767393,4.806285],[-75.767425,4.806349],[-75.767457,4.806392],[-75.767518,4.806417],[-75.767699,4.806439],[-75.767848,4.806492],[-75.767994,4.806539],[-75.768186,4.806618],[-75.768299,4.806664],[-75.76842,4.806729],[-75.768544,4.806815],[-75.768612,4.806915],[-75.768658,4.807036],[-75.768686,4.8072],[-75.768715,4.807345],[-75.768736,4.807452],[-75.768757,4.807594],[-75.768777,4.807717],[-75.7688,4.807817],[-75.768819,4.807892],[-75.768868,4.808021],[-75.768929,4.808167],[-75.769025,4.808328],[-75.769071,4.808371],[-75.769135,4.808399],[-75.769206,4.808392],[-75.769302,4.80835],[-75.769398,4.8083],[-75.769451,4.808243],[-75.769498,4.808157],[-75.769612,4.807826],[-75.769648,4.807762],[-75.76968,4.807719],[-75.769733,4.807687],[-75.769819,4.807666],[-75.769858,4.807667],[-75.769886,4.80767],[-75.769877,4.807738],[-75.769873,4.807767],[-75.769772,4.807965],[-75.769642,4.80821],[-75.769538,4.808431],[-75.769498,4.80854],[-75.769474,4.808631],[-75.769484,4.808712],[-75.769595,4.808873],[-75.769706,4.809034],[-75.769737,4.809089],[-75.769822,4.809259],[-75.769857,4.809386],[-75.769849,4.809482],[-75.76983,4.809556],[-75.769809,4.809622],[-75.76976,4.809689],[-75.769628,4.809745],[-75.769445,4.80981],[-75.769389,4.80985],[-75.769315,4.809931],[-75.769287,4.809988],[-75.769255,4.810162],[-75.769184,4.810558],[-75.769103,4.811005],[-75.76899,4.811161],[-75.768913,4.811196],[-75.768785,4.811244],[-75.768737,4.811271],[-75.768711,4.811308],[-75.768711,4.811471],[-75.768685,4.811693],[-75.768201,4.811966],[-75.767021,4.81262],[-75.766037,4.813165],[-75.765217,4.813597],[-75.764898,4.813747],[-75.764619,4.813851],[-75.764344,4.813925],[-75.764103,4.813972],[-75.763858,4.814004],[-75.763582,4.814015],[-75.763329,4.814008],[-75.763089,4.813984],[-75.762792,4.813939],[-75.762634,4.813903],[-75.762435,4.813855],[-75.762227,4.813791],[-75.760719,4.813315],[-75.760573,4.81325],[-75.75944,4.812869],[-75.759064,4.812745],[-75.758781,4.812669],[-75.758402,4.812539],[-75.757981,4.812404],[-75.757304,4.812172],[-75.756613,4.811947],[-75.756268,4.811831],[-75.756007,4.811748],[-75.75505,4.811431],[-75.754032,4.811099],[-75.753319,4.810855],[-75.752768,4.810678],[-75.751526,4.810268],[-75.751365,4.810207],[-75.751247,4.810148],[-75.750897,4.809943],[-75.750593,4.809758],[-75.749528,4.809112],[-75.74941,4.809046],[-75.749291,4.808987],[-75.749208,4.80895],[-75.748986,4.808869],[-75.748767,4.808806],[-75.748592,4.808774],[-75.7484,4.808753],[-75.748215,4.808739],[-75.747926,4.808749],[-75.74661,4.808935],[-75.74525,4.809127],[-75.74413,4.809282],[-75.742438,4.809526],[-75.742187,4.809566],[-75.741971,4.809617],[-75.741763,4.809687],[-75.741524,4.809794],[-75.741045,4.810038],[-75.740901,4.810128],[-75.739055,4.811129],[-75.738648,4.811355],[-75.737871,4.811774],[-75.737483,4.811989],[-75.736148,4.812716],[-75.735815,4.812902],[-75.73554,4.813045],[-75.735384,4.813113],[-75.735208,4.813183],[-75.735001,4.813234],[-75.734546,4.813319],[-75.734317,4.813214],[-75.734207,4.81312],[-75.734168,4.812957],[-75.734112,4.81255],[-75.734182,4.812457],[-75.734288,4.812287],[-75.734337,4.812164],[-75.734348,4.812101],[-75.734304,4.812015],[-75.734272,4.811973],[-75.734131,4.811859],[-75.734033,4.811792],[-75.733932,4.811769],[-75.733845,4.811771],[-75.733663,4.811846],[-75.733549,4.811878],[-75.733441,4.811892],[-75.73337,4.81188],[-75.73329,4.81185],[-75.733255,4.811793],[-75.733137,4.811567],[-75.733038,4.811446],[-75.732964,4.811402],[-75.73287,4.811384],[-75.732705,4.811418],[-75.732567,4.811461],[-75.732491,4.811477],[-75.732345,4.811477],[-75.732285,4.811438],[-75.73226,4.811385],[-75.732253,4.811298],[-75.732285,4.811245],[-75.732476,4.811068],[-75.732667,4.810941],[-75.733288,4.810493],[-75.733975,4.810019]]]}},{"type":"Feature","properties":{"id_comuna":4,"cod_suelo":"6600101","codcom":"03","nombre":"Comuna Centro","norma":"Ac 63/1992","act_geogra":"2006-07-01T04:00:00.000Z","area":2122294.07556},"geometry":{"type":"Polygon","coordinates":[[[-75.686485,4.814618],[-75.686542,4.814524],[-75.686643,4.814429],[-75.687342,4.813864],[-75.687432,4.813792],[-75.6875,4.813601],[-75.68757,4.812967],[-75.687634,4.81247],[-75.687638,4.812222],[-75.687688,4.81219],[-75.689053,4.810203],[-75.689351,4.809906],[-75.689744,4.809692],[-75.690053,4.809645],[-75.690279,4.809681],[-75.690587,4.809825],[-75.691126,4.810101],[-75.69155,4.810328],[-75.69174,4.810364],[-75.691966,4.810364],[-75.692192,4.810281],[-75.69243,4.810043],[-75.692852,4.809382],[-75.693205,4.808857],[-75.69324,4.808567],[-75.693319,4.808505],[-75.693494,4.808419],[-75.693709,4.808377],[-75.694049,4.808407],[-75.694786,4.808512],[-75.695089,4.808542],[-75.695568,4.808591],[-75.696177,4.808652],[-75.6966,4.808685],[-75.696873,4.808777],[-75.697166,4.808846],[-75.697398,4.808962],[-75.697614,4.809251],[-75.698004,4.809868],[-75.698193,4.81001],[-75.698485,4.810181],[-75.698628,4.810197],[-75.698898,4.810204],[-75.699296,4.810228],[-75.699647,4.810247],[-75.700028,4.810267],[-75.70022,4.810305],[-75.700517,4.810364],[-75.701029,4.810447],[-75.701428,4.810515],[-75.701876,4.810576],[-75.702293,4.810652],[-75.702695,4.810712],[-75.702884,4.810746],[-75.703037,4.810788],[-75.703216,4.810857],[-75.703403,4.810954],[-75.703695,4.811132],[-75.70397,4.81132],[-75.704198,4.811476],[-75.704419,4.811604],[-75.704633,4.811715],[-75.704812,4.811789],[-75.704971,4.811839],[-75.705177,4.811885],[-75.705354,4.811907],[-75.705606,4.811916],[-75.706364,4.811957],[-75.7067,4.811981],[-75.707004,4.812019],[-75.70717,4.812053],[-75.70731,4.812086],[-75.708077,4.81229],[-75.709278,4.812645],[-75.710412,4.812948],[-75.710624,4.813005],[-75.711137,4.813087],[-75.711803,4.813174],[-75.712107,4.813223],[-75.712676,4.813358],[-75.712893,4.813438],[-75.713055,4.813516],[-75.713387,4.813702],[-75.713766,4.813923],[-75.7146,4.814448],[-75.714836,4.814607],[-75.715002,4.814694],[-75.715174,4.814758],[-75.715349,4.814795],[-75.715502,4.814816],[-75.716098,4.814839],[-75.716432,4.8149],[-75.716766,4.815041],[-75.717522,4.815459],[-75.718061,4.815689],[-75.718501,4.815792],[-75.717418,4.816175],[-75.716802,4.816356],[-75.716226,4.816493],[-75.715864,4.816456],[-75.713473,4.816268],[-75.712701,4.816067],[-75.712609,4.816832],[-75.711767,4.816724],[-75.711672,4.817566],[-75.709992,4.817371],[-75.706637,4.816969],[-75.704139,4.816697],[-75.704043,4.817529],[-75.702379,4.817348],[-75.69986,4.817061],[-75.699745,4.817903],[-75.694719,4.817338],[-75.690509,4.816831],[-75.689654,4.816744],[-75.689615,4.816731],[-75.687992,4.816527],[-75.686304,4.81634],[-75.686485,4.814618]]]}},{"type":"Feature","properties":{"id_comuna":1,"cod_suelo":"6600101","codcom":"18","nombre":"Comuna Del Cafe","norma":"Ac 63/1992","act_geogra":"2006-07-01T04:00:00.000Z","area":1110866.70583},"geometry":{"type":"Polygon","coordinates":[[[-75.738556,4.820423],[-75.738512,4.820703],[-75.738462,4.821024],[-75.738391,4.821427],[-75.738292,4.822018],[-75.738367,4.822368],[-75.738173,4.822429],[-75.738413,4.823209],[-75.738595,4.823159],[-75.738666,4.823428],[-75.738341,4.823484],[-75.738302,4.823808],[-75.738112,4.823778],[-75.738118,4.823795],[-75.73091,4.824306],[-75.730567,4.824382],[-75.730256,4.824455],[-75.729817,4.824471],[-75.729646,4.824523],[-75.729446,4.824664],[-75.729269,4.824856],[-75.729154,4.825047],[-75.729038,4.825323],[-75.728968,4.825482],[-75.728624,4.82586],[-75.728141,4.826257],[-75.727814,4.826481],[-75.727281,4.826691],[-75.726735,4.826895],[-75.72652,4.82692],[-75.726426,4.826885],[-75.726406,4.82687],[-75.726459,4.826737],[-75.726526,4.826587],[-75.726575,4.826486],[-75.726606,4.82643],[-75.726656,4.826328],[-75.726671,4.826264],[-75.726673,4.826204],[-75.726671,4.826171],[-75.726664,4.826127],[-75.726654,4.826087],[-75.726617,4.82602],[-75.726582,4.825987],[-75.7265,4.825913],[-75.725996,4.825524],[-75.725595,4.825218],[-75.725244,4.824965],[-75.724829,4.824659],[-75.724766,4.824599],[-75.724529,4.824415],[-75.724307,4.824249],[-75.72424,4.824162],[-75.724154,4.824022],[-75.724004,4.823772],[-75.723858,4.8236],[-75.723772,4.823421],[-75.723692,4.823306],[-75.72362,4.823242],[-75.723553,4.823195],[-75.723505,4.823171],[-75.723462,4.823151],[-75.723407,4.823136],[-75.723352,4.823127],[-75.723298,4.823131],[-75.723237,4.823137],[-75.723165,4.823155],[-75.723092,4.823175],[-75.723033,4.823186],[-75.722968,4.823186],[-75.722896,4.823173],[-75.722819,4.823143],[-75.722749,4.823087],[-75.722709,4.823022],[-75.722666,4.822903],[-75.722611,4.822688],[-75.722588,4.8226],[-75.722754,4.822525],[-75.722857,4.822401],[-75.723111,4.822074],[-75.723281,4.821851],[-75.723388,4.821705],[-75.723655,4.821427],[-75.723642,4.821303],[-75.723651,4.821254],[-75.723696,4.821139],[-75.723732,4.821076],[-75.72376,4.820992],[-75.72377,4.820936],[-75.723792,4.820878],[-75.723796,4.820809],[-75.723807,4.820713],[-75.72382,4.820646],[-75.723888,4.820558],[-75.723928,4.820523],[-75.72394,4.820501],[-75.723971,4.820484],[-75.724006,4.820462],[-75.72404,4.820434],[-75.724352,4.820299],[-75.724421,4.820276],[-75.724488,4.820218],[-75.724523,4.820199],[-75.724549,4.820162],[-75.724565,4.8201],[-75.72459,4.820066],[-75.724598,4.820024],[-75.724616,4.819997],[-75.724636,4.819957],[-75.72465,4.81992],[-75.724658,4.819796],[-75.724626,4.819511],[-75.724638,4.8194],[-75.724714,4.81932],[-75.724762,4.819209],[-75.72479,4.819164],[-75.724834,4.819104],[-75.724872,4.81906],[-75.724896,4.818988],[-75.72489,4.81886],[-75.724914,4.818814],[-75.72492,4.818777],[-75.724936,4.818722],[-75.724962,4.818663],[-75.724987,4.818624],[-75.725031,4.81857],[-75.725088,4.818524],[-75.725137,4.818445],[-75.725179,4.818359],[-75.725188,4.818341],[-75.725217,4.818305],[-75.725339,4.818437],[-75.725498,4.818639],[-75.725829,4.819155],[-75.725949,4.819257],[-75.726048,4.819284],[-75.726123,4.819276],[-75.726208,4.819227],[-75.72649,4.819045],[-75.726804,4.818899],[-75.727222,4.818599],[-75.727567,4.818287],[-75.727992,4.818045],[-75.728281,4.817907],[-75.728491,4.817724],[-75.728741,4.817583],[-75.728876,4.817457],[-75.729266,4.817262],[-75.729395,4.817189],[-75.729485,4.81716],[-75.729649,4.817146],[-75.729895,4.817139],[-75.730074,4.817173],[-75.73027,4.817261],[-75.73067,4.817489],[-75.731097,4.817638],[-75.731683,4.817758],[-75.732296,4.817892],[-75.732914,4.81802],[-75.73327,4.818041],[-75.734137,4.818261],[-75.734693,4.818698],[-75.734949,4.818832],[-75.735217,4.818932],[-75.735463,4.818983],[-75.73573,4.819019],[-75.736416,4.81922],[-75.736747,4.819411],[-75.73731,4.819691],[-75.737718,4.819957],[-75.738215,4.82026],[-75.738465,4.820385],[-75.738556,4.820423]]]}},{"type":"Feature","properties":{"id_comuna":16,"cod_suelo":"6600101","codcom":"01","nombre":"Comuna Villa Santana","norma":"Ac 63/1992","act_geogra":"2006-07-01T04:00:00.000Z","area":783638.120609},"geometry":{"type":"Polygon","coordinates":[[[-75.664118,4.801762],[-75.664827,4.800819],[-75.664718,4.800648],[-75.664643,4.800534],[-75.66457,4.8004],[-75.664527,4.800327],[-75.664503,4.800289],[-75.664475,4.800248],[-75.664455,4.800215],[-75.664423,4.80017],[-75.664345,4.800061],[-75.664082,4.7999],[-75.66405,4.799856],[-75.664001,4.799758],[-75.66392,4.799571],[-75.663881,4.799413],[-75.663877,4.799204],[-75.663891,4.798948],[-75.663864,4.798861],[-75.663858,4.798826],[-75.663873,4.798821],[-75.663896,4.798812],[-75.663927,4.798833],[-75.664095,4.798946],[-75.664263,4.799045],[-75.665072,4.798492],[-75.665045,4.798405],[-75.665002,4.798177],[-75.664984,4.79813],[-75.664962,4.798089],[-75.664919,4.798039],[-75.664879,4.797982],[-75.664854,4.797939],[-75.664833,4.797927],[-75.664811,4.797911],[-75.66478,4.797883],[-75.664755,4.797852],[-75.664708,4.797762],[-75.664713,4.797548],[-75.66472,4.797519],[-75.664708,4.797502],[-75.664689,4.797351],[-75.664653,4.797291],[-75.664585,4.797141],[-75.664572,4.797078],[-75.664566,4.797013],[-75.664568,4.796949],[-75.664571,4.796931],[-75.66459,4.796918],[-75.664635,4.796848],[-75.664714,4.796748],[-75.664813,4.796606],[-75.664775,4.796519],[-75.664763,4.796464],[-75.664744,4.7964],[-75.664729,4.796359],[-75.664715,4.796325],[-75.664714,4.796299],[-75.664696,4.796279],[-75.664635,4.796077],[-75.664569,4.795974],[-75.664418,4.795878],[-75.664379,4.795819],[-75.664342,4.795752],[-75.664317,4.795702],[-75.664293,4.795646],[-75.664215,4.795558],[-75.664212,4.795521],[-75.664212,4.795478],[-75.664216,4.795425],[-75.66423,4.795355],[-75.664166,4.795065],[-75.664223,4.794931],[-75.664267,4.794775],[-75.664288,4.794468],[-75.664298,4.794435],[-75.664295,4.79438],[-75.664285,4.794353],[-75.664289,4.794332],[-75.664283,4.794309],[-75.664277,4.794293],[-75.664268,4.794276],[-75.664252,4.794253],[-75.66424,4.79424],[-75.664212,4.79422],[-75.664121,4.794175],[-75.664069,4.794126],[-75.66407,4.794112],[-75.664083,4.794097],[-75.664076,4.79406],[-75.664062,4.794031],[-75.664048,4.79401],[-75.664013,4.793973],[-75.663929,4.793913],[-75.663896,4.793875],[-75.663799,4.793797],[-75.663776,4.793746],[-75.663749,4.793714],[-75.663722,4.79365],[-75.663667,4.793541],[-75.66361,4.793448],[-75.66345,4.793304],[-75.66362,4.792525],[-75.663766,4.792685],[-75.663866,4.792803],[-75.664022,4.792956],[-75.664139,4.793067],[-75.664233,4.793147],[-75.66432,4.793224],[-75.664392,4.793287],[-75.664442,4.793328],[-75.664494,4.793361],[-75.664544,4.793401],[-75.664641,4.793469],[-75.664697,4.793503],[-75.66474,4.793514],[-75.664802,4.79353],[-75.664885,4.79355],[-75.66502,4.793554],[-75.665134,4.793536],[-75.665208,4.793526],[-75.665296,4.793532],[-75.665357,4.793553],[-75.665414,4.793583],[-75.665473,4.793614],[-75.665519,4.793626],[-75.665582,4.793651],[-75.665614,4.793665],[-75.665661,4.79368],[-75.665701,4.793697],[-75.66574,4.793739],[-75.665957,4.793946],[-75.666189,4.79418],[-75.666419,4.794441],[-75.66663,4.794631],[-75.666862,4.794879],[-75.667103,4.79509],[-75.667715,4.794079],[-75.667893,4.793308],[-75.667815,4.793329],[-75.667773,4.793355],[-75.667757,4.793367],[-75.667733,4.79338],[-75.667693,4.79341],[-75.667665,4.793407],[-75.667646,4.79341],[-75.667625,4.793422],[-75.667607,4.793417],[-75.667589,4.793424],[-75.667565,4.793439],[-75.667524,4.793453],[-75.667494,4.793463],[-75.667465,4.793469],[-75.667364,4.792226],[-75.667887,4.792199],[-75.667895,4.792025],[-75.667912,4.79175],[-75.667905,4.791623],[-75.66788,4.791186],[-75.667882,4.791098],[-75.667878,4.790985],[-75.667866,4.790876],[-75.66786,4.790843],[-75.66785,4.790791],[-75.667815,4.790686],[-75.667765,4.790543],[-75.667735,4.790484],[-75.667708,4.790446],[-75.667679,4.790412],[-75.667665,4.790364],[-75.66766,4.790304],[-75.667661,4.790208],[-75.667669,4.790132],[-75.667662,4.790042],[-75.667646,4.789953],[-75.667634,4.789905],[-75.667642,4.789869],[-75.667656,4.789871],[-75.667672,4.78987],[-75.667687,4.789867],[-75.667703,4.789861],[-75.667819,4.789783],[-75.667912,4.789678],[-75.667975,4.789556],[-75.668048,4.789473],[-75.668104,4.789438],[-75.668124,4.78943],[-75.66815,4.789421],[-75.668177,4.789415],[-75.668214,4.789411],[-75.668359,4.789354],[-75.668366,4.789345],[-75.668377,4.789335],[-75.668393,4.789327],[-75.668411,4.789325],[-75.668501,4.789401],[-75.668574,4.789433],[-75.668748,4.789557],[-75.668782,4.789585],[-75.668912,4.789741],[-75.668952,4.789779],[-75.668992,4.7898],[-75.669008,4.789823],[-75.669039,4.789858],[-75.669063,4.789879],[-75.669092,4.789901],[-75.669131,4.789923],[-75.669301,4.789964],[-75.669405,4.79002],[-75.669434,4.790048],[-75.669488,4.790107],[-75.669554,4.790189],[-75.669609,4.790268],[-75.669662,4.790305],[-75.669684,4.790312],[-75.669709,4.790315],[-75.669734,4.790313],[-75.670026,4.790292],[-75.670093,4.790301],[-75.670171,4.790321],[-75.670247,4.79035],[-75.670311,4.790384],[-75.670593,4.790537],[-75.670619,4.79055],[-75.670648,4.79056],[-75.670678,4.790565],[-75.670714,4.790569],[-75.670737,4.790569],[-75.670767,4.790564],[-75.670793,4.790554],[-75.670816,4.790541],[-75.670831,4.790521],[-75.67084,4.790503],[-75.670843,4.790486],[-75.670936,4.790422],[-75.670976,4.79037],[-75.670993,4.790359],[-75.671,4.790335],[-75.671007,4.790321],[-75.671021,4.790304],[-75.671039,4.79029],[-75.671064,4.790269],[-75.67109,4.790252],[-75.67113,4.790231],[-75.671169,4.790218],[-75.671202,4.790208],[-75.67127,4.790195],[-75.671331,4.79019],[-75.671383,4.790191],[-75.671419,4.790196],[-75.671459,4.790207],[-75.671499,4.790225],[-75.67152,4.790257],[-75.671541,4.790297],[-75.671561,4.790348],[-75.671572,4.790391],[-75.671579,4.790435],[-75.671581,4.790472],[-75.671586,4.790498],[-75.671596,4.790527],[-75.671618,4.790567],[-75.671656,4.790608],[-75.6717,4.790638],[-75.671746,4.790654],[-75.671784,4.790658],[-75.671829,4.790651],[-75.671886,4.790614],[-75.671944,4.790566],[-75.671981,4.790529],[-75.672116,4.790443],[-75.67213,4.790454],[-75.672143,4.790467],[-75.672158,4.790487],[-75.67217,4.790508],[-75.672184,4.790552],[-75.672189,4.790582],[-75.672193,4.790616],[-75.672196,4.790656],[-75.672197,4.790691],[-75.672205,4.790805],[-75.672217,4.790834],[-75.672231,4.790862],[-75.672251,4.790894],[-75.672386,4.79101],[-75.672454,4.79106],[-75.672517,4.791102],[-75.672579,4.791139],[-75.672633,4.791168],[-75.672676,4.79119],[-75.672694,4.791199],[-75.672782,4.79123],[-75.672911,4.791254],[-75.672945,4.79127],[-75.672975,4.791286],[-75.672997,4.7913],[-75.673019,4.791316],[-75.673029,4.791336],[-75.673026,4.791356],[-75.673003,4.791372],[-75.672762,4.791421],[-75.672684,4.791448],[-75.672667,4.791462],[-75.672666,4.791477],[-75.672696,4.791517],[-75.672773,4.791571],[-75.67287,4.791603],[-75.673019,4.791628],[-75.673188,4.791622],[-75.673241,4.791631],[-75.673253,4.791638],[-75.673264,4.791651],[-75.673276,4.791681],[-75.673249,4.791891],[-75.673253,4.791948],[-75.673272,4.791996],[-75.673301,4.792038],[-75.673501,4.792211],[-75.673554,4.792275],[-75.673582,4.792322],[-75.673601,4.792385],[-75.673617,4.792448],[-75.673632,4.792522],[-75.673461,4.792493],[-75.673323,4.79253],[-75.672926,4.792651],[-75.672223,4.792488],[-75.672183,4.7931],[-75.67209,4.793111],[-75.672049,4.79311],[-75.671851,4.793111],[-75.671658,4.793096],[-75.671575,4.793054],[-75.671495,4.793006],[-75.671423,4.792971],[-75.671404,4.792968],[-75.671363,4.792976],[-75.6713,4.793004],[-75.671249,4.793036],[-75.671183,4.79307],[-75.671124,4.793121],[-75.671097,4.793165],[-75.67105,4.793223],[-75.67101,4.793244],[-75.670951,4.793255],[-75.670904,4.793269],[-75.670825,4.793281],[-75.670777,4.793293],[-75.67074,4.793286],[-75.670718,4.793284],[-75.670696,4.793288],[-75.670676,4.793317],[-75.670668,4.793369],[-75.670655,4.793414],[-75.670656,4.793436],[-75.670666,4.793465],[-75.670683,4.79351],[-75.670645,4.793525],[-75.670627,4.793544],[-75.670607,4.793581],[-75.670597,4.793599],[-75.670587,4.79363],[-75.670562,4.793662],[-75.670526,4.793714],[-75.670472,4.793732],[-75.670405,4.793729],[-75.670378,4.793721],[-75.670366,4.793728],[-75.670341,4.793729],[-75.670311,4.793734],[-75.67028,4.793741],[-75.670259,4.793746],[-75.670216,4.793745],[-75.669655,4.793818],[-75.669045,4.793905],[-75.66865,4.793961],[-75.667304,4.795628],[-75.667346,4.795696],[-75.667404,4.79577],[-75.667478,4.795851],[-75.667567,4.795923],[-75.667727,4.796035],[-75.667839,4.796104],[-75.668086,4.796286],[-75.668129,4.796335],[-75.668166,4.796382],[-75.668203,4.796425],[-75.668231,4.796479],[-75.668267,4.796584],[-75.668385,4.796953],[-75.668408,4.797085],[-75.668416,4.797192],[-75.668417,4.797281],[-75.668423,4.797363],[-75.668469,4.797357],[-75.668587,4.797348],[-75.668649,4.79734],[-75.668736,4.797331],[-75.668805,4.797325],[-75.668869,4.797295],[-75.668942,4.797264],[-75.669032,4.797199],[-75.669111,4.797116],[-75.669149,4.797071],[-75.669248,4.79703],[-75.669344,4.797031],[-75.669456,4.797091],[-75.669532,4.797109],[-75.669694,4.797121],[-75.669511,4.797757],[-75.669483,4.797801],[-75.669473,4.797816],[-75.669457,4.797856],[-75.669458,4.797877],[-75.66947,4.797893],[-75.669494,4.797925],[-75.669475,4.797959],[-75.669456,4.798012],[-75.669436,4.798045],[-75.669424,4.798063],[-75.669412,4.798091],[-75.669378,4.798133],[-75.669336,4.798181],[-75.669308,4.798187],[-75.669292,4.79821],[-75.669267,4.798229],[-75.669254,4.798259],[-75.669206,4.798267],[-75.669193,4.798291],[-75.669153,4.798321],[-75.669134,4.798335],[-75.669071,4.798395],[-75.669034,4.798426],[-75.668986,4.798461],[-75.668943,4.798494],[-75.668924,4.798516],[-75.668904,4.798553],[-75.668896,4.798578],[-75.668874,4.798587],[-75.66881,4.79865],[-75.668787,4.798686],[-75.668773,4.798705],[-75.66876,4.798724],[-75.668745,4.798764],[-75.668743,4.798786],[-75.668743,4.798814],[-75.668748,4.798855],[-75.668761,4.798881],[-75.668772,4.798917],[-75.668822,4.799024],[-75.668836,4.799068],[-75.668852,4.799146],[-75.66885,4.799197],[-75.668855,4.799217],[-75.668896,4.799316],[-75.668917,4.799369],[-75.668962,4.799443],[-75.668996,4.799519],[-75.669014,4.799593],[-75.66901,4.799629],[-75.669012,4.799662],[-75.669002,4.799709],[-75.669002,4.799772],[-75.669029,4.799803],[-75.669045,4.799837],[-75.669037,4.79989],[-75.669018,4.799953],[-75.668993,4.800016],[-75.66898,4.80005],[-75.668955,4.800108],[-75.668934,4.800164],[-75.668899,4.800192],[-75.668873,4.800196],[-75.668854,4.800201],[-75.66884,4.800216],[-75.668821,4.800253],[-75.668817,4.800272],[-75.668814,4.800337],[-75.668804,4.800403],[-75.668796,4.800566],[-75.668795,4.800666],[-75.668805,4.800739],[-75.668807,4.800788],[-75.668814,4.800815],[-75.668824,4.800836],[-75.668838,4.800855],[-75.668855,4.800872],[-75.66891,4.800906],[-75.669007,4.800972],[-75.669048,4.800996],[-75.66908,4.801025],[-75.669107,4.801057],[-75.669141,4.801108],[-75.669172,4.801216],[-75.669195,4.801282],[-75.669205,4.801309],[-75.669212,4.801348],[-75.669224,4.801369],[-75.669249,4.8014],[-75.669312,4.801443],[-75.669343,4.801467],[-75.669379,4.801492],[-75.669406,4.801513],[-75.669434,4.801538],[-75.669463,4.801568],[-75.669496,4.801612],[-75.669509,4.801658],[-75.66984,4.801473],[-75.670321,4.801254],[-75.670352,4.801317],[-75.670358,4.801345],[-75.670366,4.801368],[-75.67037,4.801401],[-75.670377,4.801429],[-75.670378,4.801457],[-75.67038,4.801486],[-75.670356,4.801521],[-75.670344,4.801552],[-75.670314,4.801584],[-75.670302,4.801596],[-75.670295,4.801609],[-75.670274,4.801632],[-75.670257,4.801672],[-75.670248,4.801693],[-75.670238,4.801728],[-75.670226,4.801793],[-75.670198,4.801835],[-75.670186,4.801848],[-75.670171,4.80187],[-75.67015,4.801901],[-75.670147,4.801926],[-75.670146,4.801954],[-75.670153,4.802033],[-75.670152,4.802083],[-75.67015,4.802173],[-75.670157,4.80222],[-75.670165,4.802241],[-75.670173,4.802275],[-75.670193,4.802319],[-75.670188,4.802348],[-75.670178,4.802373],[-75.670174,4.802393],[-75.670152,4.802433],[-75.670143,4.802452],[-75.670135,4.802492],[-75.67012,4.802518],[-75.670082,4.802555],[-75.670047,4.802624],[-75.670039,4.802705],[-75.670023,4.802729],[-75.670002,4.802775],[-75.66999,4.80282],[-75.669983,4.802866],[-75.669977,4.802898],[-75.669967,4.802933],[-75.669961,4.802977],[-75.670011,4.80299],[-75.670046,4.803006],[-75.67007,4.803027],[-75.670084,4.803039],[-75.670126,4.803081],[-75.67016,4.803101],[-75.670192,4.803117],[-75.670209,4.803124],[-75.670229,4.803133],[-75.670274,4.803146],[-75.67032,4.803178],[-75.670384,4.803251],[-75.670395,4.803265],[-75.670424,4.803287],[-75.670482,4.803302],[-75.670505,4.803325],[-75.67053,4.803358],[-75.670551,4.803386],[-75.67058,4.803411],[-75.670623,4.803406],[-75.670649,4.803404],[-75.670672,4.803401],[-75.670734,4.803427],[-75.67078,4.803444],[-75.670805,4.803459],[-75.670838,4.803496],[-75.670856,4.803582],[-75.67087,4.803679],[-75.670877,4.803703],[-75.670897,4.803739],[-75.670904,4.803783],[-75.670917,4.80379],[-75.670933,4.803829],[-75.670942,4.803851],[-75.670956,4.803868],[-75.670995,4.803909],[-75.671027,4.803928],[-75.671048,4.803931],[-75.671088,4.803919],[-75.671104,4.803908],[-75.671122,4.803897],[-75.671149,4.80387],[-75.671201,4.803827],[-75.671254,4.8038],[-75.671303,4.803806],[-75.671296,4.803869],[-75.671297,4.80389],[-75.671323,4.803939],[-75.671348,4.803967],[-75.671368,4.803985],[-75.671381,4.804018],[-75.671404,4.804048],[-75.671447,4.804078],[-75.671467,4.80408],[-75.671487,4.804077],[-75.671513,4.804056],[-75.671563,4.80403],[-75.67159,4.804023],[-75.671609,4.804017],[-75.671666,4.804001],[-75.671708,4.804006],[-75.671728,4.804006],[-75.671778,4.803994],[-75.671807,4.803983],[-75.671834,4.803966],[-75.671847,4.803954],[-75.67189,4.803956],[-75.671907,4.803968],[-75.671946,4.803996],[-75.671971,4.804023],[-75.671986,4.804059],[-75.672024,4.804127],[-75.672023,4.804155],[-75.672021,4.804203],[-75.672032,4.804257],[-75.67201,4.804293],[-75.672001,4.804328],[-75.671996,4.804365],[-75.671978,4.804401],[-75.671942,4.804456],[-75.671936,4.804474],[-75.671936,4.804523],[-75.671939,4.804542],[-75.671946,4.80456],[-75.671958,4.804574],[-75.671976,4.804596],[-75.671986,4.804624],[-75.671963,4.804699],[-75.671923,4.804715],[-75.671893,4.804741],[-75.671883,4.80476],[-75.671893,4.804791],[-75.671873,4.804819],[-75.671845,4.804821],[-75.671827,4.804828],[-75.671814,4.804842],[-75.671805,4.804892],[-75.671801,4.804929],[-75.671802,4.804952],[-75.671808,4.804974],[-75.671841,4.805003],[-75.671887,4.805013],[-75.671989,4.805024],[-75.672034,4.805025],[-75.672056,4.805022],[-75.672095,4.805009],[-75.672135,4.805009],[-75.672155,4.805011],[-75.672226,4.805015],[-75.672287,4.805031],[-75.672316,4.805052],[-75.672315,4.805089],[-75.672356,4.805116],[-75.672402,4.805131],[-75.672457,4.80514],[-75.672494,4.805147],[-75.672534,4.805178],[-75.672557,4.805206],[-75.672581,4.805252],[-75.672593,4.805268],[-75.67261,4.805316],[-75.672611,4.805357],[-75.672621,4.805397],[-75.672631,4.805434],[-75.672664,4.805455],[-75.672669,4.805514],[-75.672674,4.805537],[-75.67268,4.80556],[-75.672682,4.805578],[-75.672707,4.80563],[-75.672747,4.805673],[-75.672762,4.805682],[-75.672787,4.80571],[-75.672796,4.805732],[-75.67281,4.805765],[-75.672819,4.805795],[-75.672826,4.80582],[-75.67284,4.805844],[-75.672852,4.805863],[-75.672914,4.805932],[-75.672931,4.805948],[-75.672955,4.805991],[-75.672965,4.806024],[-75.672946,4.806099],[-75.672931,4.806133],[-75.672918,4.806153],[-75.672903,4.806187],[-75.672873,4.80622],[-75.672877,4.806241],[-75.672869,4.806262],[-75.672862,4.806282],[-75.67285,4.806297],[-75.672848,4.806322],[-75.672845,4.806348],[-75.672843,4.806387],[-75.672841,4.80641],[-75.672827,4.806424],[-75.672828,4.80645],[-75.672815,4.806477],[-75.672797,4.806511],[-75.672791,4.806553],[-75.67279,4.80666],[-75.672759,4.806726],[-75.672709,4.806842],[-75.672525,4.806523],[-75.672439,4.806419],[-75.67234,4.806334],[-75.6721,4.806189],[-75.671792,4.806019],[-75.671689,4.80595],[-75.671622,4.805894],[-75.671366,4.805743],[-75.67123,4.805677],[-75.671075,4.805569],[-75.670816,4.80538],[-75.670619,4.80523],[-75.670533,4.805139],[-75.670442,4.805008],[-75.670335,4.804843],[-75.670269,4.804744],[-75.670187,4.804626],[-75.67013,4.804573],[-75.670072,4.804544],[-75.670009,4.804525],[-75.669952,4.804511],[-75.669878,4.804495],[-75.669806,4.804484],[-75.669782,4.804476],[-75.669755,4.804466],[-75.669728,4.804452],[-75.669689,4.804427],[-75.669578,4.804315],[-75.669421,4.804102],[-75.669356,4.804027],[-75.669275,4.803936],[-75.669177,4.803829],[-75.669084,4.803731],[-75.668605,4.803328],[-75.668335,4.80316],[-75.668319,4.803298],[-75.668253,4.803615],[-75.668223,4.803708],[-75.668205,4.803746],[-75.668163,4.803774],[-75.668021,4.803823],[-75.66793,4.803824],[-75.667743,4.803794],[-75.667657,4.803794],[-75.667588,4.803792],[-75.66751,4.803787],[-75.664118,4.801762]]]}},{"type":"Feature","properties":{"id_comuna":17,"cod_suelo":"6600101","codcom":"19","nombre":"Comuna El Poblado","norma":"Ac 2/1999","act_geogra":"2006-07-01T04:00:00.000Z","area":1361657.37342},"geometry":{"type":"Polygon","coordinates":[[[-75.70423,4.804064],[-75.704169,4.804025],[-75.704093,4.803981],[-75.703993,4.803927],[-75.703954,4.803897],[-75.703938,4.803841],[-75.703913,4.8037],[-75.703908,4.803485],[-75.703892,4.803331],[-75.703864,4.803194],[-75.703814,4.803015],[-75.703763,4.802876],[-75.703683,4.802737],[-75.703635,4.802674],[-75.703562,4.802583],[-75.703491,4.8025],[-75.703381,4.802386],[-75.703268,4.802291],[-75.703152,4.802209],[-75.703065,4.802158],[-75.702948,4.802086],[-75.70276,4.801995],[-75.702654,4.801922],[-75.70264,4.801902],[-75.702517,4.801725],[-75.702267,4.801201],[-75.702142,4.800832],[-75.702196,4.800654],[-75.702346,4.800471],[-75.70237,4.800374],[-75.702375,4.800254],[-75.702292,4.79996],[-75.702295,4.799761],[-75.702279,4.799549],[-75.70226,4.799466],[-75.702235,4.799415],[-75.702159,4.79934],[-75.702012,4.799241],[-75.702618,4.798787],[-75.702559,4.798501],[-75.702467,4.798143],[-75.702459,4.798089],[-75.702479,4.797986],[-75.702538,4.79781],[-75.702513,4.797702],[-75.702514,4.797661],[-75.702525,4.797639],[-75.702549,4.797625],[-75.702565,4.797625],[-75.702611,4.797664],[-75.702646,4.797725],[-75.702719,4.797944],[-75.70281,4.798078],[-75.702969,4.798251],[-75.703141,4.798368],[-75.703341,4.798576],[-75.703375,4.798596],[-75.70341,4.798656],[-75.703425,4.798731],[-75.70381,4.798439],[-75.703939,4.79859],[-75.704252,4.798363],[-75.704258,4.798343],[-75.704279,4.798265],[-75.704292,4.798247],[-75.704287,4.798226],[-75.704306,4.798145],[-75.704332,4.798087],[-75.70435,4.79803],[-75.70436,4.797973],[-75.704383,4.797956],[-75.704504,4.797883],[-75.704574,4.797857],[-75.704617,4.797827],[-75.704773,4.797759],[-75.704833,4.79772],[-75.70488,4.797725],[-75.704892,4.79771],[-75.704984,4.797663],[-75.705074,4.79764],[-75.705251,4.79756],[-75.70531,4.797529],[-75.705363,4.797497],[-75.705422,4.797458],[-75.705466,4.797426],[-75.705488,4.797432],[-75.705608,4.797418],[-75.705805,4.797449],[-75.705823,4.797447],[-75.705845,4.79743],[-75.705927,4.79739],[-75.705969,4.797378],[-75.706019,4.797375],[-75.706059,4.797376],[-75.706098,4.797381],[-75.70614,4.797389],[-75.706293,4.797427],[-75.70635,4.797457],[-75.706385,4.797487],[-75.706396,4.797485],[-75.706416,4.797485],[-75.706441,4.797492],[-75.706462,4.797504],[-75.706495,4.797528],[-75.706607,4.797641],[-75.706626,4.797654],[-75.706678,4.797672],[-75.706709,4.797696],[-75.706723,4.797643],[-75.706712,4.797585],[-75.70673,4.79747],[-75.706767,4.797387],[-75.706841,4.797275],[-75.706857,4.797233],[-75.706916,4.797041],[-75.706954,4.796859],[-75.706977,4.796691],[-75.706951,4.796623],[-75.706925,4.796585],[-75.706879,4.796554],[-75.706859,4.796545],[-75.706811,4.796526],[-75.706745,4.796505],[-75.706692,4.796493],[-75.706645,4.796467],[-75.706629,4.796452],[-75.706562,4.79635],[-75.706475,4.79626],[-75.706388,4.796133],[-75.706348,4.796093],[-75.706285,4.796049],[-75.706137,4.795975],[-75.706103,4.795951],[-75.706069,4.795921],[-75.706042,4.795891],[-75.706037,4.795753],[-75.706017,4.79565],[-75.70597,4.795515],[-75.70596,4.795474],[-75.705957,4.795437],[-75.705959,4.795404],[-75.705922,4.795296],[-75.705919,4.795232],[-75.705904,4.795208],[-75.705887,4.795174],[-75.705872,4.795134],[-75.705863,4.795101],[-75.705782,4.795018],[-75.705767,4.795003],[-75.705703,4.794954],[-75.705558,4.794867],[-75.70545,4.794779],[-75.7054,4.794684],[-75.705324,4.794438],[-75.70529,4.794369],[-75.705251,4.794311],[-75.70518,4.794232],[-75.70516,4.794155],[-75.705138,4.794124],[-75.705072,4.794059],[-75.704986,4.793947],[-75.704954,4.793921],[-75.7049,4.793884],[-75.704867,4.793865],[-75.704826,4.793846],[-75.70436,4.793775],[-75.704245,4.793743],[-75.704143,4.793706],[-75.70408,4.793667],[-75.703977,4.793555],[-75.70387,4.793458],[-75.703799,4.793358],[-75.703711,4.793206],[-75.703634,4.793033],[-75.703599,4.792905],[-75.703564,4.792721],[-75.703563,4.792505],[-75.703556,4.792434],[-75.703641,4.791808],[-75.703672,4.791802],[-75.703734,4.791812],[-75.703819,4.791817],[-75.703893,4.791814],[-75.703935,4.7918],[-75.703975,4.79178],[-75.704058,4.791714],[-75.704195,4.791626],[-75.704281,4.791544],[-75.704318,4.791518],[-75.704493,4.791475],[-75.704729,4.791395],[-75.704864,4.791316],[-75.704906,4.791312],[-75.705021,4.791327],[-75.705019,4.791349],[-75.705011,4.791369],[-75.705002,4.791381],[-75.704996,4.791423],[-75.704995,4.791467],[-75.705002,4.791509],[-75.705019,4.791553],[-75.705045,4.791599],[-75.70508,4.791642],[-75.705119,4.791679],[-75.705157,4.791773],[-75.70522,4.791833],[-75.705266,4.791846],[-75.705409,4.791909],[-75.705595,4.79193],[-75.705615,4.791928],[-75.705648,4.791922],[-75.705688,4.791912],[-75.705718,4.791901],[-75.705776,4.791873],[-75.705933,4.791783],[-75.706103,4.791662],[-75.706395,4.791476],[-75.706555,4.791357],[-75.706563,4.791336],[-75.706745,4.79129],[-75.706767,4.791288],[-75.706799,4.791291],[-75.706819,4.791296],[-75.70683,4.7913],[-75.706863,4.791317],[-75.706995,4.791421],[-75.707088,4.791453],[-75.707209,4.79152],[-75.707501,4.791624],[-75.70762,4.791642],[-75.707667,4.79166],[-75.707765,4.79172],[-75.707907,4.791828],[-75.708033,4.791912],[-75.708045,4.791926],[-75.708055,4.791941],[-75.708063,4.791957],[-75.708069,4.791981],[-75.70807,4.792008],[-75.708066,4.792034],[-75.708056,4.792058],[-75.708025,4.792094],[-75.707871,4.792229],[-75.707857,4.792253],[-75.707848,4.792278],[-75.707845,4.7923],[-75.707851,4.792372],[-75.707922,4.792541],[-75.707944,4.792641],[-75.707944,4.792703],[-75.70794,4.79277],[-75.707928,4.792847],[-75.707915,4.792905],[-75.707907,4.792935],[-75.707902,4.792971],[-75.707903,4.793013],[-75.70791,4.793049],[-75.707959,4.793113],[-75.708007,4.793167],[-75.708064,4.793224],[-75.708124,4.793307],[-75.708143,4.793324],[-75.708172,4.793341],[-75.708208,4.793355],[-75.708253,4.79336],[-75.708301,4.793352],[-75.708425,4.793333],[-75.708457,4.793318],[-75.708507,4.79329],[-75.708553,4.793256],[-75.708595,4.793224],[-75.708647,4.793191],[-75.708692,4.79317],[-75.708713,4.793162],[-75.708751,4.793155],[-75.70879,4.793156],[-75.708874,4.793182],[-75.70896,4.793221],[-75.709027,4.793261],[-75.70912,4.793383],[-75.709173,4.793418],[-75.709233,4.793431],[-75.709418,4.793427],[-75.70956,4.793457],[-75.709609,4.793476],[-75.709713,4.793539],[-75.709725,4.793549],[-75.709737,4.793564],[-75.709748,4.79359],[-75.709758,4.793627],[-75.709763,4.793669],[-75.70976,4.793728],[-75.709745,4.793789],[-75.70972,4.793839],[-75.709617,4.793956],[-75.709546,4.794068],[-75.709542,4.794088],[-75.709551,4.794139],[-75.709597,4.794223],[-75.709629,4.794275],[-75.709662,4.794314],[-75.709714,4.794357],[-75.709747,4.794375],[-75.709784,4.794389],[-75.70982,4.794399],[-75.710004,4.794428],[-75.710017,4.794432],[-75.710032,4.794441],[-75.710045,4.794454],[-75.710054,4.794469],[-75.71006,4.794488],[-75.71006,4.79451],[-75.710063,4.794655],[-75.710075,4.794697],[-75.710101,4.794734],[-75.710134,4.794767],[-75.710165,4.794788],[-75.710309,4.79488],[-75.71032,4.794893],[-75.710323,4.794905],[-75.710311,4.794953],[-75.710306,4.794993],[-75.710308,4.79503],[-75.710319,4.795055],[-75.71034,4.795081],[-75.710365,4.795098],[-75.710426,4.795132],[-75.710606,4.795175],[-75.710684,4.795224],[-75.7108,4.795356],[-75.710875,4.795499],[-75.710966,4.795613],[-75.711092,4.795731],[-75.711209,4.795821],[-75.711342,4.795894],[-75.711427,4.795919],[-75.711499,4.795936],[-75.711554,4.795945],[-75.711596,4.795961],[-75.711722,4.796045],[-75.711742,4.796046],[-75.711773,4.796044],[-75.711802,4.796036],[-75.711822,4.796028],[-75.71186,4.796034],[-75.711877,4.796047],[-75.711923,4.796124],[-75.711993,4.7962],[-75.712041,4.796281],[-75.71207,4.796401],[-75.712138,4.796471],[-75.712154,4.796504],[-75.712214,4.796563],[-75.712393,4.796591],[-75.712537,4.796664],[-75.712785,4.796721],[-75.713209,4.796841],[-75.713338,4.796909],[-75.713387,4.79694],[-75.713433,4.796974],[-75.713484,4.797019],[-75.713548,4.79705],[-75.713743,4.797067],[-75.713938,4.797047],[-75.714013,4.797016],[-75.714124,4.796898],[-75.714141,4.796894],[-75.714157,4.796894],[-75.714172,4.796898],[-75.714185,4.796905],[-75.714301,4.796945],[-75.714364,4.796991],[-75.714385,4.797023],[-75.714403,4.797066],[-75.714413,4.79712],[-75.714412,4.797147],[-75.714405,4.797179],[-75.714388,4.797216],[-75.714365,4.797248],[-75.714335,4.797275],[-75.714256,4.79732],[-75.714191,4.797445],[-75.714169,4.797521],[-75.714176,4.797627],[-75.714197,4.797689],[-75.714197,4.797708],[-75.714199,4.797732],[-75.714208,4.797769],[-75.714222,4.797803],[-75.714241,4.79783],[-75.714265,4.79785],[-75.714288,4.797863],[-75.714505,4.797845],[-75.714599,4.797858],[-75.714634,4.797883],[-75.714647,4.7979],[-75.714655,4.797913],[-75.714665,4.79793],[-75.714677,4.797961],[-75.714684,4.797989],[-75.71468,4.798062],[-75.714657,4.798105],[-75.714653,4.798121],[-75.714649,4.798141],[-75.714648,4.798163],[-75.714597,4.798327],[-75.7146,4.798371],[-75.714609,4.798435],[-75.71462,4.79848],[-75.714637,4.798533],[-75.71466,4.798823],[-75.714695,4.798997],[-75.714689,4.799326],[-75.714615,4.79975],[-75.714615,4.800428],[-75.714634,4.800423],[-75.714646,4.800425],[-75.714657,4.80043],[-75.714671,4.800441],[-75.714694,4.80048],[-75.714732,4.800599],[-75.714783,4.800684],[-75.714797,4.800813],[-75.714814,4.800851],[-75.714844,4.800857],[-75.714876,4.800842],[-75.714912,4.800819],[-75.714932,4.800801],[-75.715032,4.800762],[-75.715078,4.800762],[-75.715142,4.800793],[-75.715172,4.800829],[-75.715187,4.800852],[-75.715201,4.800881],[-75.715212,4.800913],[-75.715212,4.800961],[-75.715188,4.801021],[-75.715139,4.801083],[-75.715137,4.801123],[-75.71516,4.801149],[-75.715173,4.801159],[-75.715198,4.801172],[-75.715221,4.801179],[-75.715274,4.801174],[-75.715418,4.801116],[-75.715455,4.801119],[-75.71549,4.801133],[-75.715512,4.801148],[-75.715521,4.801168],[-75.715533,4.801264],[-75.715526,4.801296],[-75.715524,4.801329],[-75.715528,4.801365],[-75.715603,4.801438],[-75.715621,4.801483],[-75.715631,4.801531],[-75.715637,4.801597],[-75.715634,4.801654],[-75.715587,4.801637],[-75.715482,4.801646],[-75.715168,4.801775],[-75.714853,4.801832],[-75.714667,4.801879],[-75.714381,4.802184],[-75.714113,4.802378],[-75.713972,4.802492],[-75.713866,4.802696],[-75.713823,4.802865],[-75.713746,4.802995],[-75.71365,4.803095],[-75.713504,4.803167],[-75.713209,4.803189],[-75.712792,4.803171],[-75.712394,4.803331],[-75.712288,4.803353],[-75.71196,4.803381],[-75.711671,4.803441],[-75.711609,4.803485],[-75.711558,4.803556],[-75.711513,4.803861],[-75.711478,4.804033],[-75.711409,4.804193],[-75.711321,4.80432],[-75.711189,4.804465],[-75.710891,4.804623],[-75.710731,4.804728],[-75.710444,4.804885],[-75.710369,4.804896],[-75.710064,4.804885],[-75.709952,4.804906],[-75.709874,4.804951],[-75.709803,4.805003],[-75.709782,4.805038],[-75.709778,4.805112],[-75.709836,4.805218],[-75.709959,4.80535],[-75.710057,4.805464],[-75.710075,4.805509],[-75.710076,4.805563],[-75.710058,4.805643],[-75.710004,4.805758],[-75.709801,4.806076],[-75.709719,4.806136],[-75.709602,4.806166],[-75.709494,4.806161],[-75.709423,4.806126],[-75.709322,4.805993],[-75.709127,4.805654],[-75.709029,4.805542],[-75.708906,4.805429],[-75.708438,4.805189],[-75.708251,4.805076],[-75.708071,4.804974],[-75.707975,4.804948],[-75.707806,4.80501],[-75.707687,4.805174],[-75.707523,4.805369],[-75.707394,4.805486],[-75.707275,4.805532],[-75.707053,4.805518],[-75.706807,4.80549],[-75.706339,4.805307],[-75.706169,4.805249],[-75.706029,4.805195],[-75.705911,4.80515],[-75.705808,4.805095],[-75.705302,4.8048],[-75.704988,4.804543],[-75.704647,4.804304],[-75.704488,4.804202],[-75.70423,4.804064]]]}},{"type":"Feature","properties":{"id_comuna":5,"cod_suelo":"6600101","codcom":null,"nombre":"Sector Aeropuerto","norma":"Ac 63/1992","act_geogra":"2006-07-01T04:00:00.000Z","area":881020.571274},"geometry":{"type":"Polygon","coordinates":[[[-75.734546,4.813319],[-75.735001,4.813234],[-75.735208,4.813183],[-75.735384,4.813113],[-75.73554,4.813045],[-75.735815,4.812902],[-75.736148,4.812716],[-75.737483,4.811989],[-75.737871,4.811774],[-75.738648,4.811355],[-75.739055,4.811129],[-75.740901,4.810128],[-75.741045,4.810038],[-75.741524,4.809794],[-75.741763,4.809687],[-75.741971,4.809617],[-75.742187,4.809566],[-75.742438,4.809526],[-75.74413,4.809282],[-75.74525,4.809127],[-75.74661,4.808935],[-75.747926,4.808749],[-75.748215,4.808739],[-75.7484,4.808753],[-75.748592,4.808774],[-75.748767,4.808806],[-75.748986,4.808869],[-75.749208,4.80895],[-75.749291,4.808987],[-75.74941,4.809046],[-75.749528,4.809112],[-75.750593,4.809758],[-75.750473,4.809983],[-75.750426,4.810047],[-75.750384,4.810079],[-75.750323,4.810104],[-75.750222,4.81012],[-75.7501,4.810132],[-75.750001,4.810171],[-75.749942,4.810207],[-75.749881,4.810235],[-75.749845,4.810248],[-75.749767,4.810267],[-75.749697,4.810279],[-75.749619,4.810288],[-75.749481,4.810325],[-75.749481,4.810249],[-75.749248,4.810195],[-75.748975,4.810277],[-75.748834,4.810395],[-75.748749,4.810516],[-75.748839,4.810616],[-75.748553,4.810988],[-75.748263,4.811271],[-75.748143,4.811347],[-75.747857,4.811462],[-75.747806,4.811476],[-75.747745,4.81149],[-75.747666,4.811503],[-75.746306,4.811668],[-75.745932,4.8117],[-75.745668,4.811749],[-75.745475,4.811799],[-75.745187,4.811887],[-75.745017,4.811949],[-75.744718,4.812073],[-75.744291,4.812357],[-75.744111,4.812508],[-75.743755,4.812864],[-75.743167,4.813525],[-75.742968,4.81369],[-75.742578,4.813817],[-75.742376,4.813898],[-75.742357,4.813839],[-75.742284,4.813861],[-75.742237,4.813742],[-75.742089,4.813781],[-75.741991,4.813842],[-75.742021,4.813923],[-75.741974,4.813953],[-75.741547,4.814529],[-75.741372,4.814537],[-75.741298,4.814578],[-75.741319,4.814657],[-75.741547,4.814658],[-75.741678,4.814689],[-75.741562,4.815102],[-75.741528,4.815194],[-75.741449,4.815364],[-75.741418,4.815419],[-75.741386,4.815468],[-75.74135,4.815515],[-75.741291,4.815566],[-75.74106,4.815744],[-75.740993,4.815785],[-75.740661,4.815911],[-75.740297,4.816102],[-75.74015,4.816254],[-75.7401,4.816248],[-75.740066,4.816208],[-75.740015,4.816225],[-75.739959,4.816179],[-75.739834,4.816322],[-75.73989,4.816367],[-75.739644,4.817097],[-75.739582,4.817204],[-75.739412,4.817339],[-75.739048,4.817467],[-75.73903,4.817433],[-75.738832,4.817506],[-75.738837,4.817545],[-75.738133,4.817689],[-75.737282,4.817732],[-75.737292,4.817815],[-75.736195,4.817641],[-75.735557,4.817554],[-75.735435,4.817522],[-75.735246,4.817462],[-75.735149,4.817421],[-75.735056,4.817373],[-75.734891,4.81727],[-75.734471,4.816958],[-75.734621,4.816667],[-75.734138,4.816271],[-75.734149,4.816068],[-75.733529,4.816015],[-75.733407,4.815773],[-75.732678,4.815696],[-75.73245,4.815689],[-75.73224,4.815713],[-75.731173,4.81595],[-75.731075,4.815963],[-75.730963,4.815971],[-75.730842,4.815969],[-75.730684,4.815951],[-75.730442,4.815904],[-75.730273,4.81586],[-75.730211,4.815838],[-75.730138,4.8158],[-75.730087,4.815725],[-75.730067,4.815666],[-75.730057,4.815554],[-75.73017,4.815253],[-75.730248,4.815112],[-75.731237,4.814265],[-75.731727,4.813952],[-75.732285,4.813763],[-75.734145,4.813385],[-75.734546,4.813319]]]}},{"type":"Feature","properties":{"id_comuna":6,"cod_suelo":"6600101","codcom":"08","nombre":"Comuna El Jardin","norma":"Ac 55/2006","act_geogra":"2006-12-27T05:00:00.000Z","area":2145882.30999},"geometry":{"type":"Polygon","coordinates":[[[-75.724839,4.816812],[-75.72471,4.816858],[-75.724587,4.816909],[-75.724459,4.816942],[-75.724331,4.816956],[-75.723735,4.816911],[-75.723549,4.816905],[-75.72336,4.816923],[-75.723197,4.816962],[-75.723062,4.817015],[-75.722959,4.817045],[-75.721985,4.817136],[-75.721639,4.81718],[-75.721493,4.817192],[-75.721304,4.81719],[-75.721047,4.817193],[-75.720728,4.81726],[-75.720575,4.81727],[-75.720399,4.81724],[-75.720018,4.817085],[-75.719745,4.817018],[-75.719352,4.817032],[-75.718868,4.817044],[-75.718723,4.81703],[-75.718623,4.816982],[-75.718536,4.816917],[-75.718451,4.816788],[-75.718354,4.816654],[-75.718242,4.816561],[-75.718008,4.816436],[-75.717768,4.816416],[-75.717583,4.816366],[-75.717511,4.816324],[-75.717418,4.816175],[-75.718501,4.815792],[-75.718061,4.815689],[-75.717522,4.815459],[-75.716766,4.815041],[-75.716432,4.8149],[-75.716098,4.814839],[-75.715502,4.814816],[-75.715349,4.814795],[-75.715174,4.814758],[-75.715002,4.814694],[-75.714836,4.814607],[-75.7146,4.814448],[-75.713766,4.813923],[-75.713387,4.813702],[-75.713055,4.813516],[-75.712893,4.813438],[-75.712676,4.813358],[-75.712107,4.813223],[-75.711803,4.813174],[-75.711137,4.813087],[-75.710624,4.813005],[-75.710412,4.812948],[-75.709278,4.812645],[-75.708077,4.81229],[-75.70731,4.812086],[-75.70717,4.812053],[-75.707004,4.812019],[-75.7067,4.811981],[-75.706364,4.811957],[-75.705606,4.811916],[-75.705354,4.811907],[-75.705177,4.811885],[-75.704971,4.811839],[-75.704812,4.811789],[-75.704633,4.811715],[-75.704419,4.811604],[-75.704198,4.811476],[-75.70397,4.81132],[-75.703933,4.811034],[-75.704043,4.810687],[-75.704004,4.810417],[-75.704057,4.81004],[-75.704085,4.810049],[-75.704108,4.810074],[-75.704145,4.810094],[-75.704188,4.810143],[-75.704189,4.810176],[-75.704197,4.810187],[-75.704275,4.810205],[-75.704441,4.810209],[-75.70449,4.810222],[-75.704517,4.810248],[-75.704541,4.810284],[-75.704554,4.81032],[-75.704556,4.810467],[-75.704559,4.810481],[-75.704567,4.810495],[-75.704582,4.810506],[-75.704606,4.810511],[-75.704777,4.8105],[-75.704897,4.810516],[-75.70494,4.810515],[-75.705008,4.810481],[-75.705057,4.810442],[-75.705068,4.810426],[-75.705134,4.810287],[-75.705187,4.810211],[-75.705217,4.810175],[-75.705279,4.810123],[-75.705365,4.809945],[-75.705386,4.80993],[-75.705446,4.809927],[-75.705464,4.809916],[-75.705509,4.809844],[-75.705568,4.809783],[-75.705586,4.809775],[-75.705629,4.80977],[-75.705732,4.809792],[-75.705807,4.80982],[-75.705972,4.80993],[-75.706008,4.809962],[-75.706028,4.809968],[-75.70609,4.809952],[-75.706192,4.80988],[-75.706236,4.80987],[-75.706289,4.80988],[-75.706342,4.809896],[-75.706404,4.809922],[-75.706532,4.809979],[-75.706602,4.810031],[-75.706624,4.810036],[-75.70665,4.810028],[-75.706673,4.810017],[-75.706692,4.810006],[-75.706713,4.809992],[-75.706929,4.80992],[-75.706964,4.809899],[-75.707013,4.809877],[-75.707046,4.809866],[-75.707079,4.809858],[-75.707146,4.809813],[-75.707231,4.809799],[-75.707297,4.809803],[-75.707462,4.809878],[-75.707554,4.809957],[-75.707597,4.809979],[-75.707618,4.809986],[-75.707659,4.809993],[-75.70769,4.809992],[-75.707719,4.809988],[-75.707748,4.809974],[-75.707769,4.809958],[-75.707867,4.809846],[-75.707997,4.809737],[-75.708037,4.809714],[-75.70809,4.809691],[-75.70814,4.809675],[-75.708214,4.809627],[-75.708308,4.80958],[-75.708372,4.809562],[-75.708424,4.809551],[-75.708463,4.809545],[-75.708543,4.809539],[-75.708645,4.809555],[-75.708736,4.809539],[-75.708723,4.809517],[-75.708684,4.809429],[-75.708647,4.809355],[-75.708601,4.809312],[-75.708519,4.809189],[-75.708449,4.809108],[-75.708367,4.809039],[-75.708308,4.809011],[-75.708211,4.808999],[-75.708145,4.809012],[-75.70785,4.809108],[-75.707814,4.809104],[-75.707777,4.809083],[-75.707727,4.808995],[-75.707706,4.808871],[-75.707693,4.808774],[-75.707684,4.808694],[-75.707662,4.808582],[-75.707645,4.808529],[-75.707615,4.808474],[-75.707587,4.808433],[-75.707561,4.8084],[-75.707516,4.808355],[-75.707474,4.808329],[-75.707462,4.80833],[-75.707547,4.807827],[-75.706974,4.807558],[-75.706388,4.807285],[-75.706076,4.807136],[-75.705889,4.807038],[-75.705578,4.806845],[-75.705194,4.806604],[-75.70499,4.80648],[-75.704892,4.806439],[-75.704849,4.806417],[-75.704844,4.806456],[-75.704717,4.807437],[-75.704705,4.807483],[-75.704653,4.807507],[-75.704596,4.807505],[-75.704495,4.807472],[-75.704366,4.807432],[-75.704255,4.8074],[-75.7041,4.807313],[-75.703994,4.807236],[-75.703914,4.807201],[-75.703881,4.807197],[-75.703853,4.807198],[-75.703827,4.806489],[-75.703912,4.80597],[-75.703956,4.805724],[-75.704083,4.805506],[-75.704251,4.805546],[-75.704266,4.805511],[-75.704508,4.805529],[-75.704574,4.805488],[-75.704686,4.805397],[-75.704735,4.805312],[-75.704779,4.805074],[-75.704708,4.805035],[-75.704616,4.804862],[-75.704451,4.804651],[-75.704343,4.804448],[-75.70428,4.804363],[-75.704224,4.804316],[-75.703842,4.804154],[-75.703938,4.804148],[-75.704034,4.804141],[-75.704167,4.804128],[-75.70423,4.804064],[-75.704488,4.804202],[-75.704647,4.804304],[-75.704988,4.804543],[-75.705302,4.8048],[-75.705808,4.805095],[-75.705911,4.80515],[-75.706029,4.805195],[-75.706169,4.805249],[-75.706339,4.805307],[-75.706807,4.80549],[-75.707053,4.805518],[-75.707275,4.805532],[-75.707394,4.805486],[-75.707523,4.805369],[-75.707687,4.805174],[-75.707806,4.80501],[-75.707975,4.804948],[-75.708071,4.804974],[-75.708251,4.805076],[-75.708438,4.805189],[-75.708906,4.805429],[-75.709029,4.805542],[-75.709127,4.805654],[-75.709322,4.805993],[-75.709423,4.806126],[-75.709494,4.806161],[-75.709602,4.806166],[-75.709719,4.806136],[-75.709801,4.806076],[-75.710004,4.805758],[-75.710058,4.805643],[-75.710076,4.805563],[-75.710075,4.805509],[-75.710057,4.805464],[-75.709959,4.80535],[-75.709836,4.805218],[-75.709778,4.805112],[-75.709782,4.805038],[-75.709803,4.805003],[-75.709874,4.804951],[-75.709952,4.804906],[-75.710064,4.804885],[-75.710369,4.804896],[-75.710444,4.804885],[-75.710731,4.804728],[-75.710891,4.804623],[-75.711189,4.804465],[-75.711321,4.80432],[-75.711409,4.804193],[-75.711478,4.804033],[-75.711513,4.803861],[-75.711558,4.803556],[-75.711609,4.803485],[-75.711671,4.803441],[-75.71196,4.803381],[-75.712288,4.803353],[-75.712394,4.803331],[-75.712792,4.803171],[-75.713209,4.803189],[-75.713504,4.803167],[-75.71365,4.803095],[-75.713746,4.802995],[-75.713823,4.802865],[-75.713866,4.802696],[-75.713972,4.802492],[-75.714113,4.802378],[-75.714381,4.802184],[-75.714667,4.801879],[-75.714853,4.801832],[-75.715168,4.801775],[-75.715482,4.801646],[-75.715587,4.801637],[-75.715634,4.801654],[-75.715677,4.801669],[-75.71576,4.801745],[-75.715852,4.801887],[-75.715941,4.801948],[-75.716046,4.801954],[-75.716146,4.801907],[-75.716161,4.801856],[-75.716207,4.801578],[-75.716251,4.801495],[-75.716298,4.801476],[-75.716362,4.801477],[-75.716507,4.801543],[-75.716787,4.801596],[-75.716848,4.801653],[-75.716844,4.801729],[-75.716818,4.801789],[-75.716731,4.801874],[-75.716671,4.801965],[-75.716667,4.802027],[-75.716693,4.802078],[-75.716838,4.802193],[-75.716837,4.802374],[-75.716805,4.802523],[-75.716833,4.80257],[-75.716893,4.802598],[-75.71749,4.802722],[-75.717809,4.802712],[-75.718002,4.802614],[-75.718328,4.802488],[-75.718475,4.802447],[-75.718681,4.802426],[-75.718878,4.802447],[-75.719036,4.802535],[-75.71913,4.802673],[-75.719219,4.802915],[-75.719282,4.803066],[-75.71938,4.803144],[-75.719465,4.803186],[-75.719597,4.803205],[-75.71972,4.803187],[-75.719861,4.80314],[-75.719935,4.803079],[-75.720024,4.802923],[-75.720085,4.802576],[-75.720136,4.80253],[-75.720184,4.802512],[-75.720219,4.802504],[-75.720264,4.802498],[-75.720893,4.802543],[-75.72105,4.802592],[-75.721193,4.802753],[-75.721317,4.802924],[-75.721467,4.803074],[-75.72159,4.803157],[-75.721671,4.803159],[-75.721735,4.803104],[-75.721808,4.802998],[-75.72188,4.802906],[-75.721939,4.802898],[-75.721988,4.802928],[-75.72217,4.803221],[-75.722421,4.80334],[-75.722612,4.803458],[-75.722645,4.803531],[-75.722688,4.803614],[-75.722724,4.803676],[-75.722802,4.803715],[-75.722944,4.803736],[-75.723133,4.803732],[-75.723334,4.803703],[-75.723421,4.803674],[-75.723471,4.803631],[-75.723584,4.803412],[-75.723634,4.803395],[-75.723684,4.803417],[-75.723732,4.803455],[-75.723752,4.803641],[-75.723787,4.803716],[-75.72385,4.80374],[-75.723976,4.803772],[-75.724014,4.803817],[-75.724055,4.803898],[-75.724063,4.803981],[-75.724055,4.804107],[-75.724029,4.804188],[-75.723985,4.804256],[-75.723842,4.804307],[-75.723758,4.804339],[-75.723648,4.804383],[-75.723481,4.804443],[-75.723437,4.804443],[-75.723184,4.804397],[-75.723052,4.804399],[-75.722904,4.804426],[-75.722834,4.804487],[-75.722809,4.804549],[-75.722826,4.804638],[-75.722869,4.804798],[-75.722944,4.804911],[-75.723271,4.805187],[-75.723369,4.805311],[-75.723407,4.805471],[-75.723464,4.80558],[-75.723567,4.805662],[-75.723754,4.805733],[-75.72379,4.805743],[-75.723784,4.807392],[-75.72317,4.807376],[-75.723169,4.807401],[-75.723154,4.8079],[-75.723127,4.807999],[-75.723054,4.808143],[-75.722932,4.808281],[-75.722874,4.808314],[-75.722849,4.808375],[-75.722778,4.808426],[-75.722731,4.808483],[-75.72271,4.808496],[-75.722685,4.808506],[-75.722652,4.808514],[-75.722622,4.808514],[-75.722605,4.808512],[-75.722453,4.808442],[-75.722433,4.808449],[-75.722394,4.808416],[-75.722318,4.808394],[-75.72218,4.808329],[-75.722081,4.808298],[-75.721978,4.808255],[-75.721944,4.808246],[-75.721879,4.808249],[-75.721808,4.808244],[-75.72175,4.808233],[-75.721733,4.808225],[-75.721717,4.80821],[-75.721709,4.808196],[-75.721665,4.808108],[-75.721648,4.808097],[-75.72163,4.80809],[-75.721611,4.808085],[-75.72158,4.808083],[-75.721551,4.808084],[-75.721531,4.808088],[-75.721501,4.808095],[-75.721466,4.808109],[-75.721437,4.808126],[-75.721097,4.808355],[-75.721078,4.808373],[-75.720986,4.808395],[-75.720967,4.808392],[-75.720854,4.808559],[-75.720818,4.808598],[-75.720781,4.808644],[-75.720749,4.808693],[-75.72066,4.808882],[-75.720603,4.808961],[-75.720583,4.809021],[-75.720554,4.809089],[-75.720537,4.809122],[-75.720493,4.809196],[-75.720454,4.809234],[-75.720406,4.809261],[-75.720218,4.809323],[-75.719972,4.809317],[-75.719884,4.809975],[-75.719888,4.810219],[-75.719739,4.811991],[-75.719696,4.812252],[-75.719122,4.813701],[-75.719113,4.813733],[-75.719344,4.813599],[-75.719552,4.813485],[-75.719637,4.813453],[-75.719717,4.813437],[-75.719735,4.813443],[-75.71975,4.813451],[-75.719763,4.81346],[-75.719783,4.813486],[-75.719785,4.813514],[-75.719772,4.813572],[-75.719691,4.813682],[-75.719591,4.813772],[-75.719491,4.813834],[-75.719461,4.813878],[-75.719461,4.813925],[-75.719507,4.814041],[-75.719818,4.814285],[-75.719909,4.81431],[-75.720005,4.814325],[-75.720237,4.814308],[-75.720491,4.814279],[-75.720587,4.81422],[-75.720652,4.814158],[-75.720755,4.814125],[-75.720954,4.814155],[-75.721128,4.814176],[-75.721227,4.814155],[-75.721322,4.814113],[-75.721445,4.814043],[-75.721557,4.813973],[-75.721596,4.81396],[-75.721631,4.81396],[-75.721659,4.813971],[-75.721696,4.814004],[-75.721709,4.814044],[-75.721744,4.814204],[-75.72178,4.814355],[-75.721804,4.814378],[-75.721834,4.814388],[-75.721883,4.814386],[-75.721932,4.814381],[-75.721973,4.814366],[-75.72201,4.814343],[-75.722085,4.814464],[-75.722031,4.814535],[-75.722005,4.814552],[-75.721868,4.814718],[-75.721942,4.815954],[-75.724841,4.815809],[-75.724839,4.816812]]]}},{"type":"Feature","properties":{"id_comuna":19,"cod_suelo":"6600101","codcom":"13","nombre":"Comuna San Joaquin","norma":"Ac 63/1992","act_geogra":"2006-07-01T04:00:00.000Z","area":3217316.59674},"geometry":{"type":"Polygon","coordinates":[[[-75.742754,4.801848],[-75.742722,4.801869],[-75.742686,4.8019],[-75.74267,4.80202],[-75.742625,4.802086],[-75.742483,4.802188],[-75.742247,4.802307],[-75.742181,4.802363],[-75.742013,4.802541],[-75.741864,4.802659],[-75.741709,4.802705],[-75.741662,4.802725],[-75.741464,4.80275],[-75.741282,4.802747],[-75.741158,4.802718],[-75.74088,4.802617],[-75.740779,4.802704],[-75.740648,4.802832],[-75.740599,4.802858],[-75.740535,4.802871],[-75.740446,4.802861],[-75.740056,4.802749],[-75.739984,4.802711],[-75.739934,4.802668],[-75.739882,4.802583],[-75.739843,4.802447],[-75.739839,4.802223],[-75.739832,4.802178],[-75.739788,4.802111],[-75.739492,4.801829],[-75.73936,4.801689],[-75.739193,4.801413],[-75.73912,4.801356],[-75.738985,4.801288],[-75.73889,4.801245],[-75.738327,4.801079],[-75.738009,4.80096],[-75.737877,4.800894],[-75.737843,4.800883],[-75.737806,4.800886],[-75.737687,4.800904],[-75.737836,4.800395],[-75.737958,4.800361],[-75.738015,4.800017],[-75.738064,4.799896],[-75.737833,4.799814],[-75.737781,4.799811],[-75.7376,4.799744],[-75.737489,4.799669],[-75.73706,4.799565],[-75.736876,4.799584],[-75.736614,4.799671],[-75.736336,4.799829],[-75.736364,4.799927],[-75.736334,4.80001],[-75.736056,4.800157],[-75.735779,4.800239],[-75.735716,4.800188],[-75.735668,4.800059],[-75.735649,4.799923],[-75.735663,4.799836],[-75.735701,4.799722],[-75.73573,4.799611],[-75.735704,4.799527],[-75.735884,4.799297],[-75.736079,4.799034],[-75.73627,4.798821],[-75.73634,4.79876],[-75.736461,4.798575],[-75.73645,4.798535],[-75.736573,4.798367],[-75.736626,4.798302],[-75.737001,4.797696],[-75.736956,4.797658],[-75.736922,4.79758],[-75.736916,4.797548],[-75.736916,4.797505],[-75.7369,4.797487],[-75.736886,4.797405],[-75.736854,4.797338],[-75.736792,4.797254],[-75.73675,4.797212],[-75.736719,4.79717],[-75.736687,4.797135],[-75.736654,4.797101],[-75.736622,4.79707],[-75.736592,4.797046],[-75.736522,4.796971],[-75.736508,4.796952],[-75.736495,4.796931],[-75.736486,4.796914],[-75.736436,4.796813],[-75.736356,4.796739],[-75.736341,4.796703],[-75.73628,4.796637],[-75.736225,4.796596],[-75.736208,4.796589],[-75.73613,4.79653],[-75.736117,4.796512],[-75.736087,4.79647],[-75.73607,4.796461],[-75.736062,4.796447],[-75.736048,4.796429],[-75.736031,4.796409],[-75.73602,4.796389],[-75.736005,4.796339],[-75.735969,4.796278],[-75.735944,4.796249],[-75.735931,4.796226],[-75.735912,4.796199],[-75.735887,4.796168],[-75.735874,4.796139],[-75.735796,4.796032],[-75.735776,4.795997],[-75.735737,4.795954],[-75.735712,4.795917],[-75.735665,4.79588],[-75.735647,4.795869],[-75.735625,4.795861],[-75.735609,4.795857],[-75.735534,4.795808],[-75.73552,4.795791],[-75.73551,4.795767],[-75.735484,4.795674],[-75.73548,4.795641],[-75.735474,4.795605],[-75.735464,4.795568],[-75.735449,4.795531],[-75.735439,4.795487],[-75.735431,4.795471],[-75.735422,4.795445],[-75.735415,4.79542],[-75.73541,4.795361],[-75.735422,4.795181],[-75.735422,4.795163],[-75.735421,4.795142],[-75.735416,4.795115],[-75.73541,4.795096],[-75.7354,4.795075],[-75.73539,4.795059],[-75.735329,4.794987],[-75.73524,4.794908],[-75.73518,4.794874],[-75.735135,4.794843],[-75.735027,4.794783],[-75.734984,4.794748],[-75.734939,4.794721],[-75.734908,4.794694],[-75.734877,4.794674],[-75.734816,4.794643],[-75.734778,4.794612],[-75.734721,4.794581],[-75.734615,4.7945],[-75.734561,4.794446],[-75.734539,4.794428],[-75.734471,4.794363],[-75.734448,4.794339],[-75.734407,4.794297],[-75.73437,4.794263],[-75.734326,4.794226],[-75.734256,4.794155],[-75.734205,4.794083],[-75.734121,4.793984],[-75.734081,4.793945],[-75.733936,4.79383],[-75.733917,4.793821],[-75.733743,4.793774],[-75.733654,4.79372],[-75.733564,4.793674],[-75.733445,4.793634],[-75.733369,4.793578],[-75.73334,4.793554],[-75.733317,4.793529],[-75.733292,4.793498],[-75.733276,4.793474],[-75.733255,4.793434],[-75.733239,4.793398],[-75.73323,4.793374],[-75.733228,4.793361],[-75.733225,4.793345],[-75.733219,4.793328],[-75.73318,4.793269],[-75.733167,4.793253],[-75.733147,4.793232],[-75.733124,4.793212],[-75.733101,4.793197],[-75.733076,4.793174],[-75.73304,4.793145],[-75.733015,4.793128],[-75.732983,4.79307],[-75.732979,4.793044],[-75.73298,4.792737],[-75.732979,4.792717],[-75.732973,4.79269],[-75.732964,4.792663],[-75.732952,4.792635],[-75.732936,4.79261],[-75.732878,4.792533],[-75.732777,4.79233],[-75.73271,4.792237],[-75.732704,4.792223],[-75.732696,4.792204],[-75.73269,4.792181],[-75.732658,4.792113],[-75.732645,4.792095],[-75.73263,4.792072],[-75.732618,4.79205],[-75.73256,4.791969],[-75.732539,4.791949],[-75.732514,4.791928],[-75.732492,4.791912],[-75.732442,4.791865],[-75.73243,4.791852],[-75.732421,4.791841],[-75.732411,4.791825],[-75.732369,4.791785],[-75.732313,4.791714],[-75.732293,4.791678],[-75.732194,4.791539],[-75.732144,4.791482],[-75.732114,4.791436],[-75.732106,4.791416],[-75.732049,4.791321],[-75.731993,4.791251],[-75.731975,4.791236],[-75.731956,4.791217],[-75.731936,4.791193],[-75.731826,4.791054],[-75.731801,4.791009],[-75.731786,4.790961],[-75.73178,4.790922],[-75.731781,4.790878],[-75.731801,4.790789],[-75.731811,4.790777],[-75.731833,4.790704],[-75.731835,4.790693],[-75.731846,4.790573],[-75.731863,4.79046],[-75.731884,4.790352],[-75.731885,4.790284],[-75.731882,4.790217],[-75.731872,4.790117],[-75.731834,4.789885],[-75.731806,4.789764],[-75.73176,4.789675],[-75.73163,4.789539],[-75.73158,4.789499],[-75.731511,4.789455],[-75.731454,4.789428],[-75.731387,4.789409],[-75.731257,4.789395],[-75.731239,4.789403],[-75.731229,4.789398],[-75.731193,4.789405],[-75.731027,4.78946],[-75.730983,4.789467],[-75.730925,4.789471],[-75.730849,4.789468],[-75.730768,4.789455],[-75.73071,4.789432],[-75.730629,4.789394],[-75.730537,4.789344],[-75.730522,4.789325],[-75.7305,4.789303],[-75.730469,4.789281],[-75.730444,4.789268],[-75.73044,4.789249],[-75.730395,4.789201],[-75.730371,4.789156],[-75.730338,4.789111],[-75.730305,4.789079],[-75.730209,4.789023],[-75.730174,4.789024],[-75.73013,4.78903],[-75.73009,4.789043],[-75.729854,4.789039],[-75.729711,4.789028],[-75.729654,4.78905],[-75.729556,4.789017],[-75.729404,4.788996],[-75.729277,4.788956],[-75.72924,4.788934],[-75.729188,4.788897],[-75.729131,4.788848],[-75.729066,4.788775],[-75.728826,4.78857],[-75.728792,4.788537],[-75.728765,4.788502],[-75.728744,4.788467],[-75.728729,4.788435],[-75.728647,4.788351],[-75.728567,4.788282],[-75.728499,4.78823],[-75.72827,4.7881],[-75.728226,4.788085],[-75.728165,4.788069],[-75.728104,4.788057],[-75.728047,4.788051],[-75.727856,4.78803],[-75.727804,4.788021],[-75.727756,4.788006],[-75.727719,4.78799],[-75.727657,4.787951],[-75.727547,4.787858],[-75.727418,4.78777],[-75.727133,4.787443],[-75.727082,4.787395],[-75.727013,4.787336],[-75.726933,4.787276],[-75.726859,4.787226],[-75.726667,4.787042],[-75.726633,4.786986],[-75.726588,4.786737],[-75.726485,4.786382],[-75.726392,4.786174],[-75.726377,4.786135],[-75.726274,4.785986],[-75.726146,4.785855],[-75.726098,4.785819],[-75.72604,4.785797],[-75.725936,4.785776],[-75.725832,4.785771],[-75.725719,4.78577],[-75.72559,4.785765],[-75.7255,4.785743],[-75.725359,4.785701],[-75.725224,4.785651],[-75.725111,4.785603],[-75.724694,4.785385],[-75.724378,4.78529],[-75.724143,4.785269],[-75.72405,4.785244],[-75.723822,4.785168],[-75.723768,4.785153],[-75.723697,4.785148],[-75.723616,4.785146],[-75.723541,4.78515],[-75.723471,4.785104],[-75.723398,4.785033],[-75.723332,4.784955],[-75.723271,4.784876],[-75.72321,4.784783],[-75.723159,4.784736],[-75.723133,4.784659],[-75.723049,4.784536],[-75.722987,4.784429],[-75.722926,4.784382],[-75.726574,4.783684],[-75.726754,4.783707],[-75.726874,4.783732],[-75.727136,4.783977],[-75.727202,4.784038],[-75.727268,4.784099],[-75.727336,4.784159],[-75.727405,4.784217],[-75.727476,4.784272],[-75.72755,4.784324],[-75.727625,4.784373],[-75.727703,4.784419],[-75.727783,4.784461],[-75.727864,4.7845],[-75.727948,4.784534],[-75.728032,4.784566],[-75.728118,4.784593],[-75.728205,4.784617],[-75.728293,4.784636],[-75.728362,4.784649],[-75.728452,4.784662],[-75.728541,4.784671],[-75.728631,4.784678],[-75.728721,4.784684],[-75.728811,4.784689],[-75.730656,4.784785],[-75.730746,4.784789],[-75.730836,4.784794],[-75.730926,4.7848],[-75.731016,4.784808],[-75.731105,4.784817],[-75.731195,4.784828],[-75.731284,4.784841],[-75.731373,4.784856],[-75.731461,4.784873],[-75.731518,4.784886],[-75.731606,4.784906],[-75.731693,4.784929],[-75.73178,4.784952],[-75.731867,4.784977],[-75.731954,4.785002],[-75.732425,4.785137],[-75.732511,4.785162],[-75.732598,4.785186],[-75.732685,4.785209],[-75.732773,4.78523],[-75.732861,4.785249],[-75.73295,4.785265],[-75.733039,4.785278],[-75.733128,4.785288],[-75.733218,4.785295],[-75.7333,4.785299],[-75.73339,4.785301],[-75.73348,4.7853],[-75.73357,4.785297],[-75.73366,4.785293],[-75.73375,4.785288],[-75.734801,4.785233],[-75.734981,4.785224],[-75.735071,4.785221],[-75.735161,4.785219],[-75.735251,4.78522],[-75.735341,4.785222],[-75.735436,4.785226],[-75.735526,4.785232],[-75.735616,4.785238],[-75.735706,4.785246],[-75.736129,4.78528],[-75.736174,4.785283],[-75.736219,4.785287],[-75.736264,4.785291],[-75.736309,4.785295],[-75.736354,4.7853],[-75.736399,4.785305],[-75.736443,4.78531],[-75.736488,4.785316],[-75.736532,4.785323],[-75.736577,4.785331],[-75.736621,4.785339],[-75.736665,4.785348],[-75.736709,4.785358],[-75.736753,4.785369],[-75.736797,4.785381],[-75.73684,4.785393],[-75.736883,4.785406],[-75.736926,4.78542],[-75.736968,4.785435],[-75.737011,4.78545],[-75.737053,4.785466],[-75.737095,4.785483],[-75.737136,4.785501],[-75.737177,4.785519],[-75.737218,4.785539],[-75.737256,4.785557],[-75.73727,4.785564],[-75.737296,4.785578],[-75.737336,4.785599],[-75.737375,4.785621],[-75.737415,4.785643],[-75.737454,4.785666],[-75.737493,4.785688],[-75.737531,4.785712],[-75.73757,4.785735],[-75.737608,4.785758],[-75.738767,4.786461],[-75.738782,4.78647],[-75.738798,4.78648],[-75.738813,4.786489],[-75.738829,4.786498],[-75.738844,4.786508],[-75.73886,4.786517],[-75.738875,4.786526],[-75.738891,4.786536],[-75.738906,4.786545],[-75.738922,4.786554],[-75.738937,4.786563],[-75.738953,4.786572],[-75.738968,4.786581],[-75.738984,4.78659],[-75.739,4.786599],[-75.739016,4.786608],[-75.739031,4.786616],[-75.739047,4.786625],[-75.739063,4.786634],[-75.739079,4.786642],[-75.739095,4.786651],[-75.739111,4.786659],[-75.739127,4.786667],[-75.739143,4.786675],[-75.739159,4.786683],[-75.739175,4.786691],[-75.739192,4.786699],[-75.739208,4.786707],[-75.739224,4.786714],[-75.739241,4.786722],[-75.739257,4.786729],[-75.739274,4.786736],[-75.739291,4.786744],[-75.739308,4.786751],[-75.739325,4.786758],[-75.739341,4.786765],[-75.739358,4.786771],[-75.739375,4.786778],[-75.739391,4.786785],[-75.739408,4.786791],[-75.739425,4.786797],[-75.739442,4.786804],[-75.739459,4.78681],[-75.739476,4.786816],[-75.739493,4.786822],[-75.73951,4.786829],[-75.739527,4.786835],[-75.739544,4.786841],[-75.739561,4.786847],[-75.739578,4.786853],[-75.739595,4.786859],[-75.739612,4.786864],[-75.739629,4.78687],[-75.739646,4.786876],[-75.739663,4.786882],[-75.74147,4.787503],[-75.74152,4.78752],[-75.741605,4.78755],[-75.74169,4.78758],[-75.741749,4.787603],[-75.742038,4.787727],[-75.742342,4.787908],[-75.742578,4.788105],[-75.742825,4.788354],[-75.742923,4.788462],[-75.746946,4.792907],[-75.747381,4.793366],[-75.747569,4.793548],[-75.747736,4.793676],[-75.748249,4.794044],[-75.749953,4.79521],[-75.750188,4.795367],[-75.750291,4.795434],[-75.750561,4.795597],[-75.750854,4.795748],[-75.751455,4.795983],[-75.751648,4.796043],[-75.751843,4.796101],[-75.754603,4.796898],[-75.754797,4.796958],[-75.754989,4.797023],[-75.755275,4.797157],[-75.755532,4.797339],[-75.755684,4.797474],[-75.755832,4.797613],[-75.757019,4.79877],[-75.757419,4.799167],[-75.757722,4.799427],[-75.758049,4.799752],[-75.758307,4.800051],[-75.758889,4.800993],[-75.759029,4.801338],[-75.759111,4.801542],[-75.759292,4.802007],[-75.759382,4.802267],[-75.75936,4.802279],[-75.759253,4.802342],[-75.759108,4.802463],[-75.759037,4.802557],[-75.75901,4.802662],[-75.759007,4.802778],[-75.759045,4.802935],[-75.759065,4.80299],[-75.759049,4.803048],[-75.75905,4.803231],[-75.759038,4.80341],[-75.758993,4.803515],[-75.758962,4.803556],[-75.758929,4.803592],[-75.758888,4.80363],[-75.758837,4.803652],[-75.758746,4.803651],[-75.75856,4.803629],[-75.758286,4.803561],[-75.758184,4.803505],[-75.757705,4.803044],[-75.757555,4.802703],[-75.757465,4.80259],[-75.757369,4.802497],[-75.757292,4.802442],[-75.7572,4.802423],[-75.757067,4.802404],[-75.756921,4.802387],[-75.756495,4.802415],[-75.756381,4.802414],[-75.756182,4.80238],[-75.756033,4.802335],[-75.755856,4.802275],[-75.755642,4.802177],[-75.755286,4.801993],[-75.755104,4.801891],[-75.755001,4.801802],[-75.754961,4.801756],[-75.75485,4.801571],[-75.754811,4.801236],[-75.754767,4.801113],[-75.754712,4.800988],[-75.754662,4.800928],[-75.754608,4.800903],[-75.754545,4.800902],[-75.754485,4.800923],[-75.754437,4.800963],[-75.754257,4.80114],[-75.754184,4.80124],[-75.754086,4.801361],[-75.753914,4.801622],[-75.753751,4.801886],[-75.75368,4.802069],[-75.75355,4.802271],[-75.753464,4.802387],[-75.753401,4.802443],[-75.75335,4.802473],[-75.753303,4.802478],[-75.753269,4.802473],[-75.753232,4.802464],[-75.753197,4.80245],[-75.753156,4.802428],[-75.753131,4.802391],[-75.753114,4.802339],[-75.7531,4.802179],[-75.753037,4.801956],[-75.752987,4.801718],[-75.752943,4.801593],[-75.752891,4.801477],[-75.752766,4.801272],[-75.752717,4.801179],[-75.752674,4.801117],[-75.75265,4.801099],[-75.752615,4.801076],[-75.752582,4.80106],[-75.752548,4.80105],[-75.752511,4.801045],[-75.752478,4.801047],[-75.752453,4.801053],[-75.752423,4.801063],[-75.752397,4.801079],[-75.752363,4.80112],[-75.752317,4.801189],[-75.752271,4.801302],[-75.752208,4.801534],[-75.752126,4.801804],[-75.752056,4.801961],[-75.751964,4.802081],[-75.751895,4.802139],[-75.751816,4.802195],[-75.751738,4.802215],[-75.751514,4.802217],[-75.751332,4.802201],[-75.751011,4.802111],[-75.750855,4.802093],[-75.750631,4.802101],[-75.750546,4.80211],[-75.749926,4.80165],[-75.749199,4.801117],[-75.749004,4.801088],[-75.748714,4.801019],[-75.748404,4.800862],[-75.746702,4.799928],[-75.746166,4.799713],[-75.745843,4.799678],[-75.74358,4.799602],[-75.743382,4.799631],[-75.743196,4.799711],[-75.743116,4.799763],[-75.743002,4.799862],[-75.742714,4.800245],[-75.742481,4.800601],[-75.741946,4.801308],[-75.742334,4.801536],[-75.742553,4.801677],[-75.742754,4.801848]]]}},{"type":"Feature","properties":{"id_comuna":11,"cod_suelo":"6600101","codcom":"06","nombre":"Comuna Universidad","norma":"Ac 63/1992","act_geogra":"2006-12-27T05:00:00.000Z","area":2775030.9461},"geometry":{"type":"Polygon","coordinates":[[[-75.692852,4.809382],[-75.69243,4.810043],[-75.692192,4.810281],[-75.691966,4.810364],[-75.69174,4.810364],[-75.69155,4.810328],[-75.691126,4.810101],[-75.690587,4.809825],[-75.690279,4.809681],[-75.690053,4.809645],[-75.689744,4.809692],[-75.689351,4.809906],[-75.689053,4.810203],[-75.687688,4.81219],[-75.687638,4.812222],[-75.687745,4.811408],[-75.687948,4.809675],[-75.686272,4.809478],[-75.686329,4.808937],[-75.685638,4.808598],[-75.685526,4.808577],[-75.684726,4.808372],[-75.683493,4.808172],[-75.682448,4.807781],[-75.682248,4.807776],[-75.682106,4.808992],[-75.681262,4.808875],[-75.681174,4.809726],[-75.678385,4.8094],[-75.67807,4.809236],[-75.67747,4.808952],[-75.676791,4.808714],[-75.676456,4.808547],[-75.676241,4.808382],[-75.675982,4.808234],[-75.675726,4.808162],[-75.675586,4.80814],[-75.675395,4.80811],[-75.675154,4.80807],[-75.675004,4.808044],[-75.675132,4.807877],[-75.675137,4.807835],[-75.675227,4.807475],[-75.675199,4.807395],[-75.675172,4.807297],[-75.675152,4.807194],[-75.675088,4.807005],[-75.675107,4.806923],[-75.677323,4.806928],[-75.677865,4.806579],[-75.680121,4.805126],[-75.68082,4.80417],[-75.68083,4.804141],[-75.682971,4.800792],[-75.684068,4.795032],[-75.686475,4.790269],[-75.686077,4.787128],[-75.688789,4.787137],[-75.692625,4.791138],[-75.692638,4.791144],[-75.692621,4.791191],[-75.692631,4.791261],[-75.692641,4.791307],[-75.69266,4.79137],[-75.692672,4.79142],[-75.692691,4.791479],[-75.692714,4.791546],[-75.692743,4.791607],[-75.692777,4.791639],[-75.692824,4.791674],[-75.692884,4.791698],[-75.69293,4.791697],[-75.693073,4.791702],[-75.693159,4.791723],[-75.693261,4.79176],[-75.693355,4.791812],[-75.693461,4.791878],[-75.693543,4.791947],[-75.693654,4.792081],[-75.693765,4.792251],[-75.693834,4.792353],[-75.693743,4.792414],[-75.693655,4.792515],[-75.693608,4.792605],[-75.693568,4.792716],[-75.693542,4.792838],[-75.69348,4.792962],[-75.693415,4.793019],[-75.693357,4.793057],[-75.693262,4.793091],[-75.69307,4.793211],[-75.693708,4.793537],[-75.693535,4.793994],[-75.692832,4.79461],[-75.692724,4.794649],[-75.692659,4.794652],[-75.692523,4.79464],[-75.692337,4.794609],[-75.69226,4.794614],[-75.692117,4.794752],[-75.692459,4.794991],[-75.693205,4.795449],[-75.693561,4.794877],[-75.69362,4.795004],[-75.693852,4.795686],[-75.693861,4.795734],[-75.694063,4.796328],[-75.694097,4.796391],[-75.694204,4.796928],[-75.694272,4.797333],[-75.694297,4.79758],[-75.694249,4.798351],[-75.694669,4.798505],[-75.69464,4.798636],[-75.694325,4.799777],[-75.694183,4.800259],[-75.694147,4.800518],[-75.694162,4.800722],[-75.694198,4.800907],[-75.69425,4.801038],[-75.694256,4.801434],[-75.694196,4.801899],[-75.693988,4.802518],[-75.693837,4.802983],[-75.69352,4.803026],[-75.693319,4.803009],[-75.692898,4.803125],[-75.692827,4.803124],[-75.692599,4.803065],[-75.692196,4.802935],[-75.692109,4.802925],[-75.692035,4.802945],[-75.691949,4.803006],[-75.691907,4.803061],[-75.691887,4.803122],[-75.691878,4.803179],[-75.691876,4.803209],[-75.691878,4.803249],[-75.691893,4.803314],[-75.69191,4.803338],[-75.69193,4.80336],[-75.691962,4.803377],[-75.692042,4.803391],[-75.692291,4.803424],[-75.692366,4.803435],[-75.692401,4.803451],[-75.692433,4.803477],[-75.692457,4.803516],[-75.692473,4.803561],[-75.692492,4.803621],[-75.692511,4.803681],[-75.692499,4.80379],[-75.692468,4.803882],[-75.692418,4.803978],[-75.692303,4.804231],[-75.692157,4.804579],[-75.692128,4.804731],[-75.692131,4.804895],[-75.692171,4.805015],[-75.692267,4.805207],[-75.692371,4.805394],[-75.692472,4.805608],[-75.692573,4.805829],[-75.692658,4.806114],[-75.692682,4.806166],[-75.692623,4.80668],[-75.692101,4.806628],[-75.692086,4.806942],[-75.692036,4.806949],[-75.692006,4.80753],[-75.692432,4.807574],[-75.692235,4.809253],[-75.692498,4.809271],[-75.692714,4.80923],[-75.692852,4.809382]]]}},{"type":"Feature","properties":{"id_comuna":12,"cod_suelo":"6600101","codcom":"16","nombre":"Comuna San Nicolas","norma":"Ac 55/2006","act_geogra":"2006-12-27T05:00:00.000Z","area":334892.918535},"geometry":{"type":"Polygon","coordinates":[[[-75.70397,4.81132],[-75.703695,4.811132],[-75.703403,4.810954],[-75.703216,4.810857],[-75.703037,4.810788],[-75.702884,4.810746],[-75.702695,4.810712],[-75.702293,4.810652],[-75.701876,4.810576],[-75.701428,4.810515],[-75.701029,4.810447],[-75.700517,4.810364],[-75.70022,4.810305],[-75.700217,4.810196],[-75.700097,4.809224],[-75.700064,4.809091],[-75.700073,4.809081],[-75.700171,4.808881],[-75.700224,4.808424],[-75.700495,4.807969],[-75.700746,4.807504],[-75.700789,4.807386],[-75.700806,4.807301],[-75.700812,4.807208],[-75.700806,4.807101],[-75.700789,4.807013],[-75.700767,4.806954],[-75.700731,4.806877],[-75.700687,4.806803],[-75.700633,4.806754],[-75.701095,4.80694],[-75.701284,4.807006],[-75.701505,4.807027],[-75.701773,4.806993],[-75.702165,4.806808],[-75.702427,4.806688],[-75.702667,4.806597],[-75.702983,4.806525],[-75.70302,4.806509],[-75.703057,4.806486],[-75.703085,4.806464],[-75.703159,4.806379],[-75.703185,4.80629],[-75.703174,4.806156],[-75.703362,4.806202],[-75.703461,4.806037],[-75.703529,4.805877],[-75.703531,4.805848],[-75.703179,4.805816],[-75.70316,4.805594],[-75.703174,4.805508],[-75.703197,4.805456],[-75.703228,4.805377],[-75.703268,4.805268],[-75.703291,4.805194],[-75.703297,4.805126],[-75.703292,4.805105],[-75.703287,4.805074],[-75.703286,4.805046],[-75.703288,4.80502],[-75.703304,4.80498],[-75.703367,4.804897],[-75.703369,4.804886],[-75.703369,4.804871],[-75.703379,4.80484],[-75.70338,4.804735],[-75.703394,4.804686],[-75.703402,4.804639],[-75.703405,4.804601],[-75.7034,4.804564],[-75.703396,4.804553],[-75.703395,4.804541],[-75.703357,4.804491],[-75.703355,4.804479],[-75.703367,4.804427],[-75.70339,4.804382],[-75.703402,4.804352],[-75.703402,4.804289],[-75.703625,4.804257],[-75.703696,4.804211],[-75.703776,4.804175],[-75.703842,4.804154],[-75.704224,4.804316],[-75.70428,4.804363],[-75.704343,4.804448],[-75.704451,4.804651],[-75.704616,4.804862],[-75.704708,4.805035],[-75.704779,4.805074],[-75.704735,4.805312],[-75.704686,4.805397],[-75.704574,4.805488],[-75.704508,4.805529],[-75.704266,4.805511],[-75.704251,4.805546],[-75.704083,4.805506],[-75.703956,4.805724],[-75.703912,4.80597],[-75.703827,4.806489],[-75.703853,4.807198],[-75.703881,4.807197],[-75.703914,4.807201],[-75.703994,4.807236],[-75.7041,4.807313],[-75.704255,4.8074],[-75.704366,4.807432],[-75.704495,4.807472],[-75.704596,4.807505],[-75.704653,4.807507],[-75.704705,4.807483],[-75.704717,4.807437],[-75.704844,4.806456],[-75.704849,4.806417],[-75.704892,4.806439],[-75.70499,4.80648],[-75.705194,4.806604],[-75.705578,4.806845],[-75.705889,4.807038],[-75.706076,4.807136],[-75.706388,4.807285],[-75.706974,4.807558],[-75.707547,4.807827],[-75.707462,4.80833],[-75.707474,4.808329],[-75.707516,4.808355],[-75.707561,4.8084],[-75.707587,4.808433],[-75.707615,4.808474],[-75.707645,4.808529],[-75.707662,4.808582],[-75.707684,4.808694],[-75.707693,4.808774],[-75.707706,4.808871],[-75.707727,4.808995],[-75.707777,4.809083],[-75.707814,4.809104],[-75.70785,4.809108],[-75.708145,4.809012],[-75.708211,4.808999],[-75.708308,4.809011],[-75.708367,4.809039],[-75.708449,4.809108],[-75.708519,4.809189],[-75.708601,4.809312],[-75.708647,4.809355],[-75.708684,4.809429],[-75.708723,4.809517],[-75.708736,4.809539],[-75.708645,4.809555],[-75.708543,4.809539],[-75.708463,4.809545],[-75.708424,4.809551],[-75.708372,4.809562],[-75.708308,4.80958],[-75.708214,4.809627],[-75.70814,4.809675],[-75.70809,4.809691],[-75.708037,4.809714],[-75.707997,4.809737],[-75.707867,4.809846],[-75.707769,4.809958],[-75.707748,4.809974],[-75.707719,4.809988],[-75.70769,4.809992],[-75.707659,4.809993],[-75.707618,4.809986],[-75.707597,4.809979],[-75.707554,4.809957],[-75.707462,4.809878],[-75.707297,4.809803],[-75.707231,4.809799],[-75.707146,4.809813],[-75.707079,4.809858],[-75.707046,4.809866],[-75.707013,4.809877],[-75.706964,4.809899],[-75.706929,4.80992],[-75.706713,4.809992],[-75.706692,4.810006],[-75.706673,4.810017],[-75.70665,4.810028],[-75.706624,4.810036],[-75.706602,4.810031],[-75.706532,4.809979],[-75.706404,4.809922],[-75.706342,4.809896],[-75.706289,4.80988],[-75.706236,4.80987],[-75.706192,4.80988],[-75.70609,4.809952],[-75.706028,4.809968],[-75.706008,4.809962],[-75.705972,4.80993],[-75.705807,4.80982],[-75.705732,4.809792],[-75.705629,4.80977],[-75.705586,4.809775],[-75.705568,4.809783],[-75.705509,4.809844],[-75.705464,4.809916],[-75.705446,4.809927],[-75.705386,4.80993],[-75.705365,4.809945],[-75.705279,4.810123],[-75.705217,4.810175],[-75.705187,4.810211],[-75.705134,4.810287],[-75.705068,4.810426],[-75.705057,4.810442],[-75.705008,4.810481],[-75.70494,4.810515],[-75.704897,4.810516],[-75.704777,4.8105],[-75.704606,4.810511],[-75.704582,4.810506],[-75.704567,4.810495],[-75.704559,4.810481],[-75.704556,4.810467],[-75.704554,4.81032],[-75.704541,4.810284],[-75.704517,4.810248],[-75.70449,4.810222],[-75.704441,4.810209],[-75.704275,4.810205],[-75.704197,4.810187],[-75.704189,4.810176],[-75.704188,4.810143],[-75.704145,4.810094],[-75.704108,4.810074],[-75.704085,4.810049],[-75.704057,4.81004],[-75.704004,4.810417],[-75.704043,4.810687],[-75.703933,4.811034],[-75.70397,4.81132]]]}},{"type":"Feature","properties":{"id_comuna":13,"cod_suelo":"6600101","codcom":"10","nombre":"Comuna Consota","norma":"Ac 63/1992","act_geogra":"2006-07-01T04:00:00.000Z","area":1837359.50514},"geometry":{"type":"Polygon","coordinates":[[[-75.723784,4.807411],[-75.723784,4.807392],[-75.72379,4.805743],[-75.723754,4.805733],[-75.723567,4.805662],[-75.723464,4.80558],[-75.723407,4.805471],[-75.723369,4.805311],[-75.723271,4.805187],[-75.722944,4.804911],[-75.722869,4.804798],[-75.722826,4.804638],[-75.722809,4.804549],[-75.722834,4.804487],[-75.722904,4.804426],[-75.723052,4.804399],[-75.723184,4.804397],[-75.723437,4.804443],[-75.723481,4.804443],[-75.723648,4.804383],[-75.723758,4.804339],[-75.723842,4.804307],[-75.723985,4.804256],[-75.724029,4.804188],[-75.724055,4.804107],[-75.724063,4.803981],[-75.724055,4.803898],[-75.724014,4.803817],[-75.723976,4.803772],[-75.72385,4.80374],[-75.723787,4.803716],[-75.723752,4.803641],[-75.723732,4.803455],[-75.723684,4.803417],[-75.723634,4.803395],[-75.723584,4.803412],[-75.723471,4.803631],[-75.723421,4.803674],[-75.723334,4.803703],[-75.723133,4.803732],[-75.722944,4.803736],[-75.722802,4.803715],[-75.722724,4.803676],[-75.722688,4.803614],[-75.722645,4.803531],[-75.722612,4.803458],[-75.722421,4.80334],[-75.72217,4.803221],[-75.721988,4.802928],[-75.721939,4.802898],[-75.72188,4.802906],[-75.721808,4.802998],[-75.721735,4.803104],[-75.721671,4.803159],[-75.72159,4.803157],[-75.721467,4.803074],[-75.721317,4.802924],[-75.721193,4.802753],[-75.72105,4.802592],[-75.720893,4.802543],[-75.720264,4.802498],[-75.720219,4.802504],[-75.720184,4.802512],[-75.720136,4.80253],[-75.720085,4.802576],[-75.720024,4.802923],[-75.719935,4.803079],[-75.719861,4.80314],[-75.71972,4.803187],[-75.719597,4.803205],[-75.719465,4.803186],[-75.71938,4.803144],[-75.719282,4.803066],[-75.719219,4.802915],[-75.71913,4.802673],[-75.719036,4.802535],[-75.718878,4.802447],[-75.718681,4.802426],[-75.718475,4.802447],[-75.718328,4.802488],[-75.718002,4.802614],[-75.717809,4.802712],[-75.71749,4.802722],[-75.716893,4.802598],[-75.716833,4.80257],[-75.716805,4.802523],[-75.716837,4.802374],[-75.716838,4.802193],[-75.716693,4.802078],[-75.716667,4.802027],[-75.716671,4.801965],[-75.716731,4.801874],[-75.716818,4.801789],[-75.716844,4.801729],[-75.716848,4.801653],[-75.716787,4.801596],[-75.716507,4.801543],[-75.716362,4.801477],[-75.716298,4.801476],[-75.716251,4.801495],[-75.716207,4.801578],[-75.716161,4.801856],[-75.716146,4.801907],[-75.716046,4.801954],[-75.715941,4.801948],[-75.715852,4.801887],[-75.71576,4.801745],[-75.715677,4.801669],[-75.715634,4.801654],[-75.715637,4.801597],[-75.715631,4.801531],[-75.715621,4.801483],[-75.715603,4.801438],[-75.715528,4.801365],[-75.715524,4.801329],[-75.715526,4.801296],[-75.715533,4.801264],[-75.715521,4.801168],[-75.715512,4.801148],[-75.71549,4.801133],[-75.715455,4.801119],[-75.715418,4.801116],[-75.715274,4.801174],[-75.715221,4.801179],[-75.715198,4.801172],[-75.715173,4.801159],[-75.71516,4.801149],[-75.715137,4.801123],[-75.715139,4.801083],[-75.715188,4.801021],[-75.715212,4.800961],[-75.715212,4.800913],[-75.715201,4.800881],[-75.715187,4.800852],[-75.715172,4.800829],[-75.715142,4.800793],[-75.715078,4.800762],[-75.715032,4.800762],[-75.714932,4.800801],[-75.714912,4.800819],[-75.714876,4.800842],[-75.714844,4.800857],[-75.714814,4.800851],[-75.714797,4.800813],[-75.714783,4.800684],[-75.714732,4.800599],[-75.714694,4.80048],[-75.714671,4.800441],[-75.714657,4.80043],[-75.714646,4.800425],[-75.714634,4.800423],[-75.714615,4.800428],[-75.714615,4.79975],[-75.714689,4.799326],[-75.714695,4.798997],[-75.71466,4.798823],[-75.714637,4.798533],[-75.71462,4.79848],[-75.714609,4.798435],[-75.7146,4.798371],[-75.714597,4.798327],[-75.714648,4.798163],[-75.714649,4.798141],[-75.714653,4.798121],[-75.714657,4.798105],[-75.71468,4.798062],[-75.714684,4.797989],[-75.714677,4.797961],[-75.714665,4.79793],[-75.714655,4.797913],[-75.714647,4.7979],[-75.714634,4.797883],[-75.714599,4.797858],[-75.714505,4.797845],[-75.714288,4.797863],[-75.714265,4.79785],[-75.714241,4.79783],[-75.714222,4.797803],[-75.714208,4.797769],[-75.714199,4.797732],[-75.714197,4.797708],[-75.714197,4.797689],[-75.714176,4.797627],[-75.714169,4.797521],[-75.714191,4.797445],[-75.714256,4.79732],[-75.714335,4.797275],[-75.714365,4.797248],[-75.714388,4.797216],[-75.714405,4.797179],[-75.714412,4.797147],[-75.714413,4.79712],[-75.714403,4.797066],[-75.714385,4.797023],[-75.714364,4.796991],[-75.714301,4.796945],[-75.714185,4.796905],[-75.714172,4.796898],[-75.714166,4.796881],[-75.714141,4.796858],[-75.714116,4.796838],[-75.714092,4.796821],[-75.713974,4.796756],[-75.713905,4.796736],[-75.713889,4.796728],[-75.713874,4.796719],[-75.713861,4.79671],[-75.713852,4.796701],[-75.7138,4.79664],[-75.713766,4.796585],[-75.713722,4.796524],[-75.713673,4.796465],[-75.713626,4.796399],[-75.713598,4.796347],[-75.713572,4.796306],[-75.713556,4.796283],[-75.713507,4.796225],[-75.713462,4.796167],[-75.713422,4.796111],[-75.713386,4.796039],[-75.713309,4.795938],[-75.713291,4.795919],[-75.713269,4.7959],[-75.71325,4.795887],[-75.713206,4.795864],[-75.713158,4.795836],[-75.713126,4.795814],[-75.713074,4.795759],[-75.713043,4.79568],[-75.713005,4.795522],[-75.712993,4.795365],[-75.712994,4.795148],[-75.713024,4.794956],[-75.71303,4.794847],[-75.712972,4.794765],[-75.712665,4.794247],[-75.71258,4.794215],[-75.712467,4.794164],[-75.712399,4.794129],[-75.712274,4.794048],[-75.712231,4.794016],[-75.712181,4.793974],[-75.712139,4.793935],[-75.712012,4.793772],[-75.711865,4.793514],[-75.7118,4.793386],[-75.711729,4.793203],[-75.711697,4.793077],[-75.711668,4.793013],[-75.71165,4.792983],[-75.711601,4.792953],[-75.711551,4.792929],[-75.711509,4.792914],[-75.711394,4.792893],[-75.711285,4.792863],[-75.711187,4.792823],[-75.711153,4.792801],[-75.711094,4.792744],[-75.711029,4.792671],[-75.710983,4.792611],[-75.710812,4.792338],[-75.710753,4.792267],[-75.710736,4.79222],[-75.71073,4.792201],[-75.710728,4.79217],[-75.710733,4.792143],[-75.710777,4.791955],[-75.710823,4.791807],[-75.710848,4.791759],[-75.71094,4.791442],[-75.71097,4.791373],[-75.711012,4.791297],[-75.711045,4.791247],[-75.711069,4.791213],[-75.711095,4.7912],[-75.711112,4.791196],[-75.711124,4.791194],[-75.711494,4.79126],[-75.711642,4.79128],[-75.711712,4.791281],[-75.711771,4.791278],[-75.711826,4.791271],[-75.711902,4.791253],[-75.711941,4.79124],[-75.712073,4.791168],[-75.712153,4.791089],[-75.712257,4.790996],[-75.712334,4.790932],[-75.712386,4.790891],[-75.712502,4.791154],[-75.712604,4.791346],[-75.712873,4.791817],[-75.712923,4.791869],[-75.712984,4.791913],[-75.71304,4.791941],[-75.713082,4.791952],[-75.713386,4.791968],[-75.713439,4.791974],[-75.713696,4.792038],[-75.713968,4.792161],[-75.714197,4.792282],[-75.714422,4.792421],[-75.714482,4.792455],[-75.7146,4.792536],[-75.714701,4.792616],[-75.714829,4.792687],[-75.715027,4.79282],[-75.715093,4.792885],[-75.715204,4.793019],[-75.715241,4.793074],[-75.715272,4.793107],[-75.71531,4.79313],[-75.715457,4.793157],[-75.715611,4.793206],[-75.715697,4.793247],[-75.715735,4.793288],[-75.715971,4.793595],[-75.716036,4.793687],[-75.716093,4.793749],[-75.716132,4.793773],[-75.716178,4.793786],[-75.716251,4.793779],[-75.716581,4.793641],[-75.71668,4.793585],[-75.716803,4.793539],[-75.716988,4.793513],[-75.717095,4.793524],[-75.717205,4.793559],[-75.717287,4.793598],[-75.717363,4.793654],[-75.717665,4.793853],[-75.71776,4.793907],[-75.717915,4.793968],[-75.718103,4.794077],[-75.718413,4.794334],[-75.719014,4.794717],[-75.719279,4.794867],[-75.719351,4.794918],[-75.719801,4.795162],[-75.720174,4.795375],[-75.720529,4.795518],[-75.720794,4.795656],[-75.720973,4.795764],[-75.721131,4.795897],[-75.721512,4.7962],[-75.721686,4.796356],[-75.721973,4.796729],[-75.722089,4.796852],[-75.722448,4.797136],[-75.722707,4.797293],[-75.722769,4.797351],[-75.722956,4.797548],[-75.725133,4.799266],[-75.725794,4.799699],[-75.726431,4.800099],[-75.726776,4.800283],[-75.727466,4.800638],[-75.728865,4.8017],[-75.730008,4.802305],[-75.730107,4.802385],[-75.730358,4.802675],[-75.731175,4.80374],[-75.73135,4.803863],[-75.73177,4.804059],[-75.73206,4.804123],[-75.732337,4.804124],[-75.73259,4.804077],[-75.732729,4.804029],[-75.733627,4.80381],[-75.733734,4.803765],[-75.734059,4.803683],[-75.734154,4.803668],[-75.734193,4.803743],[-75.734265,4.803816],[-75.734338,4.803857],[-75.734861,4.804045],[-75.735838,4.804344],[-75.735913,4.804388],[-75.735993,4.804521],[-75.736004,4.804625],[-75.73599,4.804756],[-75.736387,4.805069],[-75.736518,4.805187],[-75.736414,4.805261],[-75.736284,4.805328],[-75.734652,4.805986],[-75.734407,4.806096],[-75.734157,4.806128],[-75.733998,4.806135],[-75.733809,4.806126],[-75.733501,4.80608],[-75.733346,4.806038],[-75.73305,4.80594],[-75.732481,4.805774],[-75.732096,4.805697],[-75.731955,4.805688],[-75.731838,4.805698],[-75.731675,4.805735],[-75.731513,4.805795],[-75.731333,4.805902],[-75.73128,4.805943],[-75.731157,4.806071],[-75.731027,4.806284],[-75.730992,4.806366],[-75.730933,4.806565],[-75.730897,4.806793],[-75.730862,4.807197],[-75.730835,4.807675],[-75.729196,4.808318],[-75.728912,4.808404],[-75.728675,4.808435],[-75.728469,4.808447],[-75.728349,4.808446],[-75.72819,4.808441],[-75.72781,4.808373],[-75.727171,4.808183],[-75.725314,4.807594],[-75.725204,4.807686],[-75.725111,4.807834],[-75.725071,4.807942],[-75.725047,4.808137],[-75.725101,4.808261],[-75.725062,4.808292],[-75.725273,4.808665],[-75.725368,4.808695],[-75.725606,4.808729],[-75.725648,4.808744],[-75.725671,4.80877],[-75.725722,4.808792],[-75.725811,4.808807],[-75.725902,4.808833],[-75.725947,4.808838],[-75.725998,4.808856],[-75.726221,4.808903],[-75.726329,4.808907],[-75.726392,4.808901],[-75.726457,4.808889],[-75.726447,4.808933],[-75.726307,4.809159],[-75.726233,4.809347],[-75.726207,4.809392],[-75.72617,4.809511],[-75.72617,4.809534],[-75.726135,4.809629],[-75.726133,4.809676],[-75.726116,4.809714],[-75.726098,4.809959],[-75.726089,4.81001],[-75.726076,4.810049],[-75.726055,4.81009],[-75.725981,4.81017],[-75.72573,4.810379],[-75.725611,4.810403],[-75.725567,4.810439],[-75.72553,4.810457],[-75.725449,4.81049],[-75.72538,4.810504],[-75.725338,4.810543],[-75.725254,4.810569],[-75.725143,4.810576],[-75.724973,4.810543],[-75.72474,4.81054],[-75.724609,4.810547],[-75.724486,4.810562],[-75.72439,4.810579],[-75.72427,4.810626],[-75.723981,4.8108],[-75.723922,4.81082],[-75.723773,4.810828],[-75.723784,4.807411]]]}},{"type":"Feature","properties":{"id_comuna":20,"cod_suelo":"6600101","codcom":"14","nombre":"Comuna Perla del Otun","norma":"Ac 63/1992","act_geogra":"2006-07-01T04:00:00.000Z","area":454180.412386},"geometry":{"type":"Polygon","coordinates":[[[-75.729369,4.791725],[-75.729406,4.791777],[-75.729444,4.791825],[-75.729541,4.791978],[-75.729576,4.792059],[-75.729612,4.792158],[-75.729654,4.792253],[-75.729667,4.792274],[-75.729681,4.792292],[-75.729762,4.79237],[-75.729786,4.792407],[-75.729789,4.792418],[-75.729857,4.792486],[-75.729888,4.792603],[-75.72991,4.792632],[-75.730028,4.792848],[-75.730257,4.793115],[-75.730277,4.79315],[-75.730397,4.793284],[-75.730457,4.793346],[-75.730468,4.793351],[-75.730595,4.793509],[-75.730627,4.793544],[-75.730666,4.793584],[-75.730707,4.793623],[-75.730752,4.793662],[-75.730779,4.793682],[-75.730872,4.793778],[-75.730936,4.793855],[-75.731038,4.794025],[-75.731088,4.794072],[-75.731103,4.794093],[-75.731114,4.794117],[-75.731125,4.79416],[-75.731135,4.794222],[-75.731143,4.794239],[-75.731139,4.794258],[-75.731146,4.794277],[-75.731159,4.794292],[-75.731172,4.794314],[-75.731177,4.794343],[-75.731177,4.794381],[-75.731185,4.794396],[-75.73119,4.794413],[-75.731192,4.794433],[-75.731192,4.794483],[-75.731195,4.794532],[-75.731198,4.794567],[-75.731195,4.794625],[-75.731181,4.794668],[-75.731153,4.79488],[-75.731129,4.794969],[-75.731123,4.795009],[-75.731122,4.795028],[-75.731127,4.795047],[-75.731134,4.795062],[-75.731142,4.795071],[-75.731172,4.795091],[-75.731216,4.795102],[-75.731253,4.795106],[-75.7313,4.795114],[-75.731343,4.795124],[-75.731391,4.795131],[-75.73145,4.795136],[-75.731506,4.795138],[-75.731617,4.795154],[-75.731846,4.795195],[-75.731868,4.795202],[-75.731891,4.795217],[-75.731919,4.795231],[-75.731943,4.795241],[-75.732056,4.795281],[-75.732083,4.795286],[-75.732113,4.795295],[-75.732134,4.795304],[-75.73216,4.795318],[-75.732182,4.795333],[-75.732197,4.795346],[-75.732248,4.795371],[-75.73229,4.795402],[-75.732344,4.79543],[-75.73238,4.795453],[-75.732426,4.79548],[-75.732468,4.795501],[-75.732518,4.795535],[-75.73261,4.795607],[-75.732645,4.795646],[-75.732748,4.7957],[-75.732776,4.795721],[-75.732788,4.795731],[-75.732809,4.795753],[-75.73283,4.795777],[-75.732844,4.795797],[-75.732854,4.795817],[-75.732865,4.795835],[-75.732878,4.795851],[-75.732952,4.795911],[-75.73297,4.795921],[-75.73299,4.795939],[-75.733079,4.796048],[-75.733119,4.79608],[-75.733147,4.796114],[-75.733273,4.796243],[-75.733295,4.796263],[-75.733425,4.796357],[-75.733466,4.796375],[-75.733587,4.796475],[-75.73362,4.796494],[-75.733673,4.796511],[-75.733755,4.796556],[-75.733816,4.796567],[-75.733836,4.796574],[-75.733893,4.796606],[-75.733913,4.796621],[-75.733966,4.796671],[-75.734009,4.796724],[-75.734053,4.79677],[-75.734105,4.796815],[-75.734121,4.796836],[-75.734146,4.796863],[-75.734172,4.796887],[-75.734218,4.796949],[-75.734278,4.797011],[-75.734313,4.797039],[-75.734358,4.797071],[-75.734401,4.797099],[-75.734517,4.797212],[-75.734653,4.797332],[-75.734787,4.797419],[-75.734812,4.79743],[-75.734835,4.797444],[-75.734856,4.797459],[-75.734896,4.797474],[-75.734946,4.797495],[-75.734993,4.797517],[-75.735038,4.797551],[-75.735069,4.797569],[-75.73509,4.797584],[-75.735104,4.797596],[-75.735169,4.797677],[-75.735206,4.797713],[-75.735227,4.79774],[-75.735263,4.7978],[-75.735319,4.797859],[-75.735368,4.797944],[-75.735408,4.79805],[-75.735414,4.798076],[-75.735412,4.798104],[-75.735385,4.798269],[-75.735363,4.798337],[-75.73534,4.798461],[-75.735334,4.798478],[-75.735306,4.798536],[-75.735289,4.798553],[-75.73528,4.798576],[-75.73527,4.798598],[-75.735261,4.798612],[-75.735227,4.798647],[-75.73522,4.798668],[-75.735228,4.798711],[-75.735238,4.798727],[-75.735285,4.798785],[-75.735325,4.798864],[-75.734892,4.799173],[-75.73471,4.799265],[-75.734487,4.799398],[-75.734423,4.79942],[-75.734298,4.799399],[-75.733726,4.799894],[-75.73341,4.800244],[-75.733304,4.800393],[-75.733238,4.800391],[-75.733193,4.800372],[-75.733131,4.800325],[-75.733087,4.800288],[-75.733045,4.800251],[-75.732965,4.8002],[-75.732911,4.800183],[-75.732869,4.80018],[-75.732838,4.800175],[-75.732807,4.800166],[-75.732747,4.800148],[-75.732666,4.800095],[-75.732536,4.799977],[-75.732508,4.799927],[-75.732497,4.79989],[-75.732408,4.799701],[-75.73236,4.799628],[-75.732323,4.799522],[-75.732234,4.799352],[-75.732213,4.799286],[-75.732189,4.799228],[-75.732158,4.799177],[-75.732124,4.79913],[-75.732085,4.799084],[-75.732022,4.799032],[-75.731898,4.798965],[-75.731855,4.79895],[-75.731805,4.798936],[-75.73174,4.798923],[-75.731632,4.798865],[-75.731556,4.798772],[-75.731516,4.798704],[-75.731491,4.798669],[-75.731459,4.798628],[-75.731409,4.798583],[-75.731387,4.798571],[-75.731369,4.798564],[-75.731348,4.798559],[-75.731326,4.798557],[-75.731285,4.798557],[-75.731236,4.798561],[-75.731194,4.798568],[-75.731166,4.798573],[-75.731093,4.79861],[-75.731013,4.798702],[-75.730963,4.798741],[-75.730911,4.798748],[-75.730871,4.798742],[-75.73082,4.798721],[-75.730762,4.798691],[-75.730717,4.798664],[-75.730652,4.798609],[-75.730595,4.798542],[-75.730573,4.798508],[-75.730552,4.798478],[-75.730533,4.798454],[-75.7305,4.798423],[-75.730455,4.798409],[-75.730409,4.798417],[-75.730372,4.79845],[-75.730318,4.798527],[-75.730258,4.798624],[-75.730217,4.798696],[-75.73017,4.798719],[-75.730111,4.798722],[-75.730059,4.798709],[-75.73002,4.79866],[-75.730003,4.798599],[-75.729999,4.798539],[-75.730002,4.798334],[-75.729993,4.798276],[-75.729963,4.798171],[-75.729909,4.798074],[-75.729767,4.79774],[-75.729717,4.797663],[-75.729674,4.797618],[-75.729635,4.797605],[-75.729587,4.797605],[-75.729534,4.797609],[-75.729512,4.797613],[-75.729449,4.797609],[-75.729412,4.797616],[-75.729342,4.797668],[-75.729265,4.797729],[-75.729194,4.797789],[-75.729,4.797895],[-75.728927,4.797964],[-75.728868,4.797979],[-75.728814,4.797969],[-75.728751,4.79793],[-75.728707,4.797897],[-75.728659,4.797858],[-75.728624,4.797827],[-75.728567,4.797805],[-75.728526,4.797799],[-75.728379,4.79783],[-75.728293,4.797886],[-75.72814,4.797959],[-75.728044,4.79799],[-75.72793,4.798012],[-75.72783,4.798009],[-75.727737,4.79799],[-75.727665,4.797964],[-75.727622,4.797943],[-75.727361,4.797771],[-75.727324,4.797745],[-75.727276,4.797719],[-75.727241,4.797703],[-75.727172,4.79766],[-75.72712,4.797598],[-75.727079,4.797516],[-75.727066,4.797427],[-75.727072,4.797231],[-75.727067,4.797193],[-75.727037,4.797135],[-75.726989,4.796984],[-75.726956,4.796829],[-75.726938,4.796777],[-75.726906,4.796743],[-75.726835,4.796695],[-75.726806,4.796657],[-75.726795,4.796599],[-75.726791,4.796519],[-75.7268,4.796491],[-75.726815,4.796473],[-75.726879,4.796426],[-75.726882,4.796411],[-75.726868,4.796391],[-75.72681,4.796355],[-75.726725,4.796331],[-75.726498,4.796319],[-75.726347,4.796292],[-75.726107,4.796217],[-75.726029,4.796189],[-75.725905,4.796168],[-75.725758,4.796166],[-75.725711,4.796144],[-75.725676,4.796067],[-75.725667,4.796032],[-75.725667,4.795959],[-75.725671,4.795938],[-75.725715,4.795895],[-75.725813,4.795762],[-75.725834,4.795667],[-75.725868,4.795612],[-75.725913,4.795558],[-75.725984,4.795502],[-75.726048,4.795448],[-75.726091,4.795409],[-75.726216,4.795279],[-75.72662,4.79416],[-75.727054,4.793757],[-75.727137,4.79369],[-75.727306,4.793525],[-75.727439,4.793401],[-75.727506,4.79336],[-75.729369,4.791725]]]}},{"type":"Feature","properties":{"id_comuna":7,"cod_suelo":"6600101","codcom":null,"nombre":"Sector Batallon","norma":"Ac 63/1992","act_geogra":"2006-07-01T04:00:00.000Z","area":856403.022767},"geometry":{"type":"Polygon","coordinates":[[[-75.722085,4.814464],[-75.72201,4.814343],[-75.721973,4.814366],[-75.721932,4.814381],[-75.721883,4.814386],[-75.721834,4.814388],[-75.721804,4.814378],[-75.72178,4.814355],[-75.721744,4.814204],[-75.721709,4.814044],[-75.721696,4.814004],[-75.721659,4.813971],[-75.721631,4.81396],[-75.721596,4.81396],[-75.721557,4.813973],[-75.721445,4.814043],[-75.721322,4.814113],[-75.721227,4.814155],[-75.721128,4.814176],[-75.720954,4.814155],[-75.720755,4.814125],[-75.720652,4.814158],[-75.720587,4.81422],[-75.720491,4.814279],[-75.720237,4.814308],[-75.720005,4.814325],[-75.719909,4.81431],[-75.719818,4.814285],[-75.719507,4.814041],[-75.719461,4.813925],[-75.719461,4.813878],[-75.719491,4.813834],[-75.719591,4.813772],[-75.719691,4.813682],[-75.719772,4.813572],[-75.719785,4.813514],[-75.719783,4.813486],[-75.719763,4.81346],[-75.71975,4.813451],[-75.719735,4.813443],[-75.719717,4.813437],[-75.719637,4.813453],[-75.719552,4.813485],[-75.719344,4.813599],[-75.719113,4.813733],[-75.719122,4.813701],[-75.719696,4.812252],[-75.719739,4.811991],[-75.719888,4.810219],[-75.719884,4.809975],[-75.719972,4.809317],[-75.720218,4.809323],[-75.720406,4.809261],[-75.720454,4.809234],[-75.720493,4.809196],[-75.720537,4.809122],[-75.720554,4.809089],[-75.720583,4.809021],[-75.720603,4.808961],[-75.72066,4.808882],[-75.720749,4.808693],[-75.720781,4.808644],[-75.720818,4.808598],[-75.720854,4.808559],[-75.720967,4.808392],[-75.720986,4.808395],[-75.721078,4.808373],[-75.721097,4.808355],[-75.721437,4.808126],[-75.721466,4.808109],[-75.721501,4.808095],[-75.721531,4.808088],[-75.721551,4.808084],[-75.72158,4.808083],[-75.721611,4.808085],[-75.72163,4.80809],[-75.721648,4.808097],[-75.721665,4.808108],[-75.721709,4.808196],[-75.721717,4.80821],[-75.721733,4.808225],[-75.72175,4.808233],[-75.721808,4.808244],[-75.721879,4.808249],[-75.721944,4.808246],[-75.721978,4.808255],[-75.722081,4.808298],[-75.72218,4.808329],[-75.722318,4.808394],[-75.722394,4.808416],[-75.722433,4.808449],[-75.722453,4.808442],[-75.722605,4.808512],[-75.722622,4.808514],[-75.722652,4.808514],[-75.722685,4.808506],[-75.72271,4.808496],[-75.722731,4.808483],[-75.722778,4.808426],[-75.722849,4.808375],[-75.722874,4.808314],[-75.722932,4.808281],[-75.723054,4.808143],[-75.723127,4.807999],[-75.723154,4.8079],[-75.723169,4.807401],[-75.72317,4.807376],[-75.723784,4.807392],[-75.723784,4.807411],[-75.723773,4.810828],[-75.723922,4.81082],[-75.723981,4.8108],[-75.72427,4.810626],[-75.72439,4.810579],[-75.724486,4.810562],[-75.724609,4.810547],[-75.72474,4.81054],[-75.724973,4.810543],[-75.725143,4.810576],[-75.725254,4.810569],[-75.725338,4.810543],[-75.72538,4.810504],[-75.725449,4.81049],[-75.72553,4.810457],[-75.725567,4.810439],[-75.725611,4.810403],[-75.72573,4.810379],[-75.725981,4.81017],[-75.726055,4.81009],[-75.726076,4.810049],[-75.726089,4.81001],[-75.726098,4.809959],[-75.726116,4.809714],[-75.726133,4.809676],[-75.726135,4.809629],[-75.72617,4.809534],[-75.72617,4.809511],[-75.726207,4.809392],[-75.726233,4.809347],[-75.726307,4.809159],[-75.726447,4.808933],[-75.726457,4.808889],[-75.726392,4.808901],[-75.726329,4.808907],[-75.726221,4.808903],[-75.725998,4.808856],[-75.725947,4.808838],[-75.725902,4.808833],[-75.725811,4.808807],[-75.725722,4.808792],[-75.725671,4.80877],[-75.725648,4.808744],[-75.725606,4.808729],[-75.725368,4.808695],[-75.725273,4.808665],[-75.725062,4.808292],[-75.725101,4.808261],[-75.725047,4.808137],[-75.725071,4.807942],[-75.725111,4.807834],[-75.725204,4.807686],[-75.725314,4.807594],[-75.727171,4.808183],[-75.72781,4.808373],[-75.72819,4.808441],[-75.728349,4.808446],[-75.728469,4.808447],[-75.728675,4.808435],[-75.728912,4.808404],[-75.729196,4.808318],[-75.730835,4.807675],[-75.731702,4.80734],[-75.732025,4.807341],[-75.732349,4.807435],[-75.732621,4.807666],[-75.732772,4.807932],[-75.732821,4.808258],[-75.732843,4.808719],[-75.7329,4.808989],[-75.733075,4.809308],[-75.733021,4.809438],[-75.732978,4.809616],[-75.732922,4.80976],[-75.732929,4.810042],[-75.732915,4.810295],[-75.732901,4.810337],[-75.732851,4.810439],[-75.732776,4.81054],[-75.73267,4.810632],[-75.732484,4.810687],[-75.732303,4.810721],[-75.732138,4.810712],[-75.73206,4.810713],[-75.731727,4.810821],[-75.73168,4.810829],[-75.731577,4.810826],[-75.731356,4.8108],[-75.731213,4.810605],[-75.731151,4.810548],[-75.731049,4.810493],[-75.730989,4.810434],[-75.730971,4.810362],[-75.730997,4.810225],[-75.731105,4.810098],[-75.731202,4.810002],[-75.731215,4.809963],[-75.731215,4.809937],[-75.731209,4.809921],[-75.731196,4.809904],[-75.731186,4.809896],[-75.731084,4.809885],[-75.730983,4.809883],[-75.730801,4.809939],[-75.730758,4.809948],[-75.730615,4.809903],[-75.730551,4.809892],[-75.7305,4.809892],[-75.730444,4.809896],[-75.730406,4.809901],[-75.730299,4.809952],[-75.73011,4.81013],[-75.729977,4.810263],[-75.72985,4.810394],[-75.729773,4.810463],[-75.7297,4.810505],[-75.729549,4.810492],[-75.729519,4.810502],[-75.729498,4.810541],[-75.729496,4.810581],[-75.729619,4.810766],[-75.72964,4.810803],[-75.729643,4.810821],[-75.72959,4.81091],[-75.729479,4.811015],[-75.72946,4.811045],[-75.729452,4.811089],[-75.729454,4.811148],[-75.729478,4.811267],[-75.729529,4.811445],[-75.729578,4.811711],[-75.729616,4.81194],[-75.729662,4.81204],[-75.729675,4.812119],[-75.729679,4.812192],[-75.729669,4.812239],[-75.729637,4.812288],[-75.729469,4.812427],[-75.729387,4.812574],[-75.729305,4.812708],[-75.729206,4.812836],[-75.729084,4.81297],[-75.728989,4.813055],[-75.72881,4.813092],[-75.728475,4.813045],[-75.728376,4.813093],[-75.728304,4.81315],[-75.728236,4.8132],[-75.728172,4.813206],[-75.728127,4.813185],[-75.728093,4.813121],[-75.728059,4.812887],[-75.728007,4.812731],[-75.727927,4.812564],[-75.727824,4.812409],[-75.72771,4.812266],[-75.727606,4.81218],[-75.727517,4.812895],[-75.727683,4.813423],[-75.727887,4.814276],[-75.728034,4.814982],[-75.728049,4.815124],[-75.728066,4.815125],[-75.728098,4.815428],[-75.727948,4.815434],[-75.726848,4.815595],[-75.725448,4.815778],[-75.724841,4.815809],[-75.721942,4.815954],[-75.721868,4.814718],[-75.722005,4.814552],[-75.722031,4.814535],[-75.722085,4.814464]]]}},{"type":"Feature","properties":{"id_comuna":21,"cod_suelo":"6600101","codcom":"17","nombre":"Comuna El Rocio","norma":"Ac 63/1992","act_geogra":"2006-07-01T04:00:00.000Z","area":1894768.62837},"geometry":{"type":"Polygon","coordinates":[[[-75.702012,4.799241],[-75.701924,4.79918],[-75.701822,4.799138],[-75.70171,4.799089],[-75.701588,4.799033],[-75.701505,4.799005],[-75.701226,4.799004],[-75.701166,4.798986],[-75.701126,4.798956],[-75.701066,4.798905],[-75.701016,4.798853],[-75.700869,4.798524],[-75.700831,4.798403],[-75.700758,4.798066],[-75.700636,4.797699],[-75.70064,4.797385],[-75.700669,4.79724],[-75.700737,4.797092],[-75.700834,4.796957],[-75.700844,4.796909],[-75.700846,4.796857],[-75.70084,4.796799],[-75.700831,4.796777],[-75.700813,4.796742],[-75.700718,4.796667],[-75.700648,4.796623],[-75.700569,4.796574],[-75.70037,4.796469],[-75.700342,4.796461],[-75.700079,4.796388],[-75.699894,4.796311],[-75.699673,4.796135],[-75.699574,4.796042],[-75.699503,4.795976],[-75.699329,4.795736],[-75.6993,4.795666],[-75.6993,4.795591],[-75.69932,4.795511],[-75.699352,4.795372],[-75.699451,4.795118],[-75.699482,4.794889],[-75.699503,4.794388],[-75.699501,4.794359],[-75.699495,4.794332],[-75.699475,4.79423],[-75.699451,4.794127],[-75.699416,4.793986],[-75.699398,4.79395],[-75.699368,4.793886],[-75.699333,4.793819],[-75.699267,4.793714],[-75.699123,4.793533],[-75.698945,4.793365],[-75.698727,4.793205],[-75.698261,4.792945],[-75.697916,4.792812],[-75.697427,4.792654],[-75.697342,4.79261],[-75.697304,4.79259],[-75.697283,4.792564],[-75.697272,4.79252],[-75.697351,4.792431],[-75.697429,4.792334],[-75.69744,4.792288],[-75.697449,4.792226],[-75.697454,4.792152],[-75.697442,4.792067],[-75.697391,4.791897],[-75.697341,4.791696],[-75.697317,4.791408],[-75.697338,4.79114],[-75.697388,4.790851],[-75.697349,4.790467],[-75.697328,4.789899],[-75.697289,4.789345],[-75.697217,4.789128],[-75.697213,4.789116],[-75.696904,4.788553],[-75.696872,4.78851],[-75.696766,4.788365],[-75.696784,4.788128],[-75.696813,4.788012],[-75.696944,4.787728],[-75.696956,4.7877],[-75.696968,4.78763],[-75.696968,4.787592],[-75.696953,4.787567],[-75.69692,4.787544],[-75.696829,4.787524],[-75.696604,4.787508],[-75.696284,4.787465],[-75.696077,4.787449],[-75.695871,4.787382],[-75.695648,4.787259],[-75.695459,4.787094],[-75.695169,4.786775],[-75.695114,4.786736],[-75.695067,4.786718],[-75.695047,4.786716],[-75.695025,4.786715],[-75.695007,4.786717],[-75.694989,4.786721],[-75.69483,4.786788],[-75.694741,4.786841],[-75.694631,4.786911],[-75.694508,4.786993],[-75.694478,4.787014],[-75.694445,4.787037],[-75.6944,4.787053],[-75.694269,4.787114],[-75.694196,4.787133],[-75.694131,4.787146],[-75.694038,4.787023],[-75.693929,4.786861],[-75.693913,4.786823],[-75.693891,4.786706],[-75.693884,4.786576],[-75.693901,4.786488],[-75.693943,4.786378],[-75.694003,4.786278],[-75.694098,4.786185],[-75.694208,4.786126],[-75.694366,4.786077],[-75.69449,4.786067],[-75.694637,4.786093],[-75.69475,4.786129],[-75.695242,4.786397],[-75.695417,4.78647],[-75.695543,4.786507],[-75.695736,4.786511],[-75.696517,4.786507],[-75.696658,4.786466],[-75.696771,4.786404],[-75.696846,4.786335],[-75.696915,4.786249],[-75.69697,4.786096],[-75.697061,4.785484],[-75.697081,4.785276],[-75.697074,4.785099],[-75.697027,4.784919],[-75.696935,4.78474],[-75.696757,4.784485],[-75.696622,4.784309],[-75.696488,4.784168],[-75.696073,4.783801],[-75.695948,4.783664],[-75.695595,4.783158],[-75.695532,4.782991],[-75.695505,4.782852],[-75.695503,4.782697],[-75.695527,4.782537],[-75.695582,4.782423],[-75.695721,4.782312],[-75.695865,4.782252],[-75.696049,4.782234],[-75.696792,4.782393],[-75.69706,4.782488],[-75.697241,4.782609],[-75.697407,4.782781],[-75.698081,4.783739],[-75.698174,4.783838],[-75.698321,4.783927],[-75.698486,4.783977],[-75.698654,4.783998],[-75.698793,4.783972],[-75.698839,4.783956],[-75.699031,4.783854],[-75.699159,4.783745],[-75.699223,4.783585],[-75.699243,4.783404],[-75.699211,4.783014],[-75.699136,4.782674],[-75.699081,4.782483],[-75.699007,4.782306],[-75.698878,4.782092],[-75.698842,4.782045],[-75.698714,4.781914],[-75.698314,4.781583],[-75.697939,4.781318],[-75.697611,4.781061],[-75.697424,4.780873],[-75.697226,4.780649],[-75.696906,4.780265],[-75.696257,4.779364],[-75.700465,4.779373],[-75.700577,4.779484],[-75.700628,4.779526],[-75.700648,4.779561],[-75.700662,4.779611],[-75.700662,4.779656],[-75.700654,4.779691],[-75.700633,4.77974],[-75.700569,4.779798],[-75.700511,4.779862],[-75.700472,4.779944],[-75.700441,4.780042],[-75.70042,4.780126],[-75.70042,4.780264],[-75.700404,4.780332],[-75.700345,4.780495],[-75.700347,4.780526],[-75.700385,4.780605],[-75.700422,4.780665],[-75.700561,4.780794],[-75.700678,4.780977],[-75.700752,4.780988],[-75.700824,4.78102],[-75.700886,4.781076],[-75.700932,4.78114],[-75.700945,4.781229],[-75.700945,4.781345],[-75.700935,4.781476],[-75.700929,4.781626],[-75.700942,4.781747],[-75.700967,4.781854],[-75.700988,4.781909],[-75.70102,4.781977],[-75.701053,4.782039],[-75.701175,4.782183],[-75.701247,4.782238],[-75.701355,4.782328],[-75.701397,4.782371],[-75.701433,4.782425],[-75.701494,4.782544],[-75.701525,4.782636],[-75.701555,4.782709],[-75.701559,4.782736],[-75.701549,4.782785],[-75.701512,4.782904],[-75.701464,4.783045],[-75.701449,4.783111],[-75.70144,4.783194],[-75.701442,4.783272],[-75.701454,4.783362],[-75.701464,4.783396],[-75.70148,4.783441],[-75.701504,4.783492],[-75.701547,4.783532],[-75.701586,4.783552],[-75.701663,4.783568],[-75.70176,4.783567],[-75.701831,4.783561],[-75.701862,4.783564],[-75.701894,4.783571],[-75.701934,4.783587],[-75.701977,4.783623],[-75.702011,4.783658],[-75.70204,4.783704],[-75.702122,4.783855],[-75.702214,4.784031],[-75.702283,4.784146],[-75.702327,4.784185],[-75.702386,4.78422],[-75.702437,4.784241],[-75.702506,4.784246],[-75.702546,4.78424],[-75.702601,4.784221],[-75.70264,4.784192],[-75.70271,4.784092],[-75.702777,4.784005],[-75.702826,4.783962],[-75.702897,4.78392],[-75.702972,4.7839],[-75.703059,4.783896],[-75.703216,4.783933],[-75.70331,4.783961],[-75.703406,4.783996],[-75.703497,4.784047],[-75.703547,4.784092],[-75.703589,4.78415],[-75.703694,4.784365],[-75.703768,4.784494],[-75.703842,4.784591],[-75.703959,4.784702],[-75.70407,4.784813],[-75.704122,4.784871],[-75.704194,4.784974],[-75.704316,4.785183],[-75.704407,4.78535],[-75.704514,4.785561],[-75.704604,4.785771],[-75.704694,4.785949],[-75.704759,4.786061],[-75.704943,4.786347],[-75.705016,4.786451],[-75.705089,4.786527],[-75.705161,4.786574],[-75.70522,4.786595],[-75.705287,4.786592],[-75.70537,4.786574],[-75.705577,4.786511],[-75.70573,4.786481],[-75.705844,4.786473],[-75.705984,4.786488],[-75.706086,4.786517],[-75.706336,4.786625],[-75.706577,4.786725],[-75.706733,4.786784],[-75.706866,4.786826],[-75.707023,4.786914],[-75.707096,4.786982],[-75.707146,4.787066],[-75.707173,4.787162],[-75.707199,4.787447],[-75.707223,4.787538],[-75.707238,4.787614],[-75.707254,4.787659],[-75.707292,4.787713],[-75.707385,4.787806],[-75.707455,4.787887],[-75.707526,4.787976],[-75.707739,4.788211],[-75.707846,4.788322],[-75.707895,4.788347],[-75.707913,4.788352],[-75.707941,4.788354],[-75.707966,4.78835],[-75.707983,4.788348],[-75.708014,4.788338],[-75.708037,4.788326],[-75.70806,4.788311],[-75.708139,4.788224],[-75.708207,4.788144],[-75.708298,4.78808],[-75.708338,4.788063],[-75.708404,4.788039],[-75.708475,4.788018],[-75.708525,4.787991],[-75.708569,4.787971],[-75.708603,4.787957],[-75.708765,4.787902],[-75.708805,4.787892],[-75.708835,4.787888],[-75.708862,4.787887],[-75.708887,4.787894],[-75.708941,4.787923],[-75.708957,4.787932],[-75.708996,4.787959],[-75.709039,4.787994],[-75.709065,4.788019],[-75.709156,4.788112],[-75.709438,4.788413],[-75.709474,4.788464],[-75.709516,4.788529],[-75.709556,4.788595],[-75.709717,4.788794],[-75.70975,4.788847],[-75.709788,4.788915],[-75.709827,4.788995],[-75.709851,4.789225],[-75.709877,4.789423],[-75.709892,4.789463],[-75.710296,4.789863],[-75.710371,4.78993],[-75.71049,4.790006],[-75.710613,4.79008],[-75.710756,4.79016],[-75.710879,4.790212],[-75.711045,4.790298],[-75.711085,4.790307],[-75.711133,4.790313],[-75.711237,4.790302],[-75.711271,4.790292],[-75.711485,4.790202],[-75.71163,4.790136],[-75.71181,4.790068],[-75.711945,4.79004],[-75.712003,4.790044],[-75.712112,4.790083],[-75.712151,4.79011],[-75.712205,4.790166],[-75.712223,4.790193],[-75.712242,4.790227],[-75.712257,4.79026],[-75.712269,4.790316],[-75.712296,4.790506],[-75.712299,4.790632],[-75.712303,4.790651],[-75.712314,4.790669],[-75.712331,4.790692],[-75.712354,4.790719],[-75.712371,4.790763],[-75.712386,4.790891],[-75.712334,4.790932],[-75.712257,4.790996],[-75.712153,4.791089],[-75.712073,4.791168],[-75.711941,4.79124],[-75.711902,4.791253],[-75.711826,4.791271],[-75.711771,4.791278],[-75.711712,4.791281],[-75.711642,4.79128],[-75.711494,4.79126],[-75.711124,4.791194],[-75.711112,4.791196],[-75.711095,4.7912],[-75.711069,4.791213],[-75.711045,4.791247],[-75.711012,4.791297],[-75.71097,4.791373],[-75.71094,4.791442],[-75.710848,4.791759],[-75.710823,4.791807],[-75.710777,4.791955],[-75.710733,4.792143],[-75.710728,4.79217],[-75.71073,4.792201],[-75.710736,4.79222],[-75.710753,4.792267],[-75.710812,4.792338],[-75.710983,4.792611],[-75.711029,4.792671],[-75.711094,4.792744],[-75.711153,4.792801],[-75.711187,4.792823],[-75.711285,4.792863],[-75.711394,4.792893],[-75.711509,4.792914],[-75.711551,4.792929],[-75.711601,4.792953],[-75.71165,4.792983],[-75.711668,4.793013],[-75.711697,4.793077],[-75.711729,4.793203],[-75.7118,4.793386],[-75.711865,4.793514],[-75.712012,4.793772],[-75.712139,4.793935],[-75.712181,4.793974],[-75.712231,4.794016],[-75.712274,4.794048],[-75.712399,4.794129],[-75.712467,4.794164],[-75.71258,4.794215],[-75.712665,4.794247],[-75.712972,4.794765],[-75.71303,4.794847],[-75.713024,4.794956],[-75.712994,4.795148],[-75.712993,4.795365],[-75.713005,4.795522],[-75.713043,4.79568],[-75.713074,4.795759],[-75.713126,4.795814],[-75.713158,4.795836],[-75.713206,4.795864],[-75.71325,4.795887],[-75.713269,4.7959],[-75.713291,4.795919],[-75.713309,4.795938],[-75.713386,4.796039],[-75.713422,4.796111],[-75.713462,4.796167],[-75.713507,4.796225],[-75.713556,4.796283],[-75.713572,4.796306],[-75.713598,4.796347],[-75.713626,4.796399],[-75.713673,4.796465],[-75.713722,4.796524],[-75.713766,4.796585],[-75.7138,4.79664],[-75.713852,4.796701],[-75.713861,4.79671],[-75.713874,4.796719],[-75.713889,4.796728],[-75.713905,4.796736],[-75.713974,4.796756],[-75.714092,4.796821],[-75.714116,4.796838],[-75.714141,4.796858],[-75.714166,4.796881],[-75.714172,4.796898],[-75.714157,4.796894],[-75.714141,4.796894],[-75.714124,4.796898],[-75.714013,4.797016],[-75.713938,4.797047],[-75.713743,4.797067],[-75.713548,4.79705],[-75.713484,4.797019],[-75.713433,4.796974],[-75.713387,4.79694],[-75.713338,4.796909],[-75.713209,4.796841],[-75.712785,4.796721],[-75.712537,4.796664],[-75.712393,4.796591],[-75.712214,4.796563],[-75.712154,4.796504],[-75.712138,4.796471],[-75.71207,4.796401],[-75.712041,4.796281],[-75.711993,4.7962],[-75.711923,4.796124],[-75.711877,4.796047],[-75.71186,4.796034],[-75.711822,4.796028],[-75.711802,4.796036],[-75.711773,4.796044],[-75.711742,4.796046],[-75.711722,4.796045],[-75.711596,4.795961],[-75.711554,4.795945],[-75.711499,4.795936],[-75.711427,4.795919],[-75.711342,4.795894],[-75.711209,4.795821],[-75.711092,4.795731],[-75.710966,4.795613],[-75.710875,4.795499],[-75.7108,4.795356],[-75.710684,4.795224],[-75.710606,4.795175],[-75.710426,4.795132],[-75.710365,4.795098],[-75.71034,4.795081],[-75.710319,4.795055],[-75.710308,4.79503],[-75.710306,4.794993],[-75.710311,4.794953],[-75.710323,4.794905],[-75.71032,4.794893],[-75.710309,4.79488],[-75.710165,4.794788],[-75.710134,4.794767],[-75.710101,4.794734],[-75.710075,4.794697],[-75.710063,4.794655],[-75.71006,4.79451],[-75.71006,4.794488],[-75.710054,4.794469],[-75.710045,4.794454],[-75.710032,4.794441],[-75.710017,4.794432],[-75.710004,4.794428],[-75.70982,4.794399],[-75.709784,4.794389],[-75.709747,4.794375],[-75.709714,4.794357],[-75.709662,4.794314],[-75.709629,4.794275],[-75.709597,4.794223],[-75.709551,4.794139],[-75.709542,4.794088],[-75.709546,4.794068],[-75.709617,4.793956],[-75.70972,4.793839],[-75.709745,4.793789],[-75.70976,4.793728],[-75.709763,4.793669],[-75.709758,4.793627],[-75.709748,4.79359],[-75.709737,4.793564],[-75.709725,4.793549],[-75.709713,4.793539],[-75.709609,4.793476],[-75.70956,4.793457],[-75.709418,4.793427],[-75.709233,4.793431],[-75.709173,4.793418],[-75.70912,4.793383],[-75.709027,4.793261],[-75.70896,4.793221],[-75.708874,4.793182],[-75.70879,4.793156],[-75.708751,4.793155],[-75.708713,4.793162],[-75.708692,4.79317],[-75.708647,4.793191],[-75.708595,4.793224],[-75.708553,4.793256],[-75.708507,4.79329],[-75.708457,4.793318],[-75.708425,4.793333],[-75.708301,4.793352],[-75.708253,4.79336],[-75.708208,4.793355],[-75.708172,4.793341],[-75.708143,4.793324],[-75.708124,4.793307],[-75.708064,4.793224],[-75.708007,4.793167],[-75.707959,4.793113],[-75.70791,4.793049],[-75.707903,4.793013],[-75.707902,4.792971],[-75.707907,4.792935],[-75.707915,4.792905],[-75.707928,4.792847],[-75.70794,4.79277],[-75.707944,4.792703],[-75.707944,4.792641],[-75.707922,4.792541],[-75.707851,4.792372],[-75.707845,4.7923],[-75.707848,4.792278],[-75.707857,4.792253],[-75.707871,4.792229],[-75.708025,4.792094],[-75.708056,4.792058],[-75.708066,4.792034],[-75.70807,4.792008],[-75.708069,4.791981],[-75.708063,4.791957],[-75.708055,4.791941],[-75.708045,4.791926],[-75.708033,4.791912],[-75.707907,4.791828],[-75.707765,4.79172],[-75.707667,4.79166],[-75.70762,4.791642],[-75.707501,4.791624],[-75.707209,4.79152],[-75.707088,4.791453],[-75.706995,4.791421],[-75.706863,4.791317],[-75.70683,4.7913],[-75.706819,4.791296],[-75.706799,4.791291],[-75.706767,4.791288],[-75.706745,4.79129],[-75.706563,4.791336],[-75.706555,4.791357],[-75.706395,4.791476],[-75.706103,4.791662],[-75.705933,4.791783],[-75.705776,4.791873],[-75.705718,4.791901],[-75.705688,4.791912],[-75.705648,4.791922],[-75.705615,4.791928],[-75.705595,4.79193],[-75.705409,4.791909],[-75.705266,4.791846],[-75.70522,4.791833],[-75.705157,4.791773],[-75.705119,4.791679],[-75.70508,4.791642],[-75.705045,4.791599],[-75.705019,4.791553],[-75.705002,4.791509],[-75.704995,4.791467],[-75.704996,4.791423],[-75.705002,4.791381],[-75.705011,4.791369],[-75.705019,4.791349],[-75.705021,4.791327],[-75.704906,4.791312],[-75.704864,4.791316],[-75.704729,4.791395],[-75.704493,4.791475],[-75.704318,4.791518],[-75.704281,4.791544],[-75.704195,4.791626],[-75.704058,4.791714],[-75.703975,4.79178],[-75.703935,4.7918],[-75.703893,4.791814],[-75.703819,4.791817],[-75.703734,4.791812],[-75.703672,4.791802],[-75.703641,4.791808],[-75.703556,4.792434],[-75.703563,4.792505],[-75.703564,4.792721],[-75.703599,4.792905],[-75.703634,4.793033],[-75.703711,4.793206],[-75.703799,4.793358],[-75.70387,4.793458],[-75.703977,4.793555],[-75.70408,4.793667],[-75.704143,4.793706],[-75.704245,4.793743],[-75.70436,4.793775],[-75.704826,4.793846],[-75.704867,4.793865],[-75.7049,4.793884],[-75.704954,4.793921],[-75.704986,4.793947],[-75.705072,4.794059],[-75.705138,4.794124],[-75.70516,4.794155],[-75.70518,4.794232],[-75.705251,4.794311],[-75.70529,4.794369],[-75.705324,4.794438],[-75.7054,4.794684],[-75.70545,4.794779],[-75.705558,4.794867],[-75.705703,4.794954],[-75.705767,4.795003],[-75.705782,4.795018],[-75.705863,4.795101],[-75.705872,4.795134],[-75.705887,4.795174],[-75.705904,4.795208],[-75.705919,4.795232],[-75.705922,4.795296],[-75.705959,4.795404],[-75.705957,4.795437],[-75.70596,4.795474],[-75.70597,4.795515],[-75.706017,4.79565],[-75.706037,4.795753],[-75.706042,4.795891],[-75.706069,4.795921],[-75.706103,4.795951],[-75.706137,4.795975],[-75.706285,4.796049],[-75.706348,4.796093],[-75.706388,4.796133],[-75.706475,4.79626],[-75.706562,4.79635],[-75.706629,4.796452],[-75.706645,4.796467],[-75.706692,4.796493],[-75.706745,4.796505],[-75.706811,4.796526],[-75.706859,4.796545],[-75.706879,4.796554],[-75.706925,4.796585],[-75.706951,4.796623],[-75.706977,4.796691],[-75.706954,4.796859],[-75.706916,4.797041],[-75.706857,4.797233],[-75.706841,4.797275],[-75.706767,4.797387],[-75.70673,4.79747],[-75.706712,4.797585],[-75.706723,4.797643],[-75.706709,4.797696],[-75.706678,4.797672],[-75.706626,4.797654],[-75.706607,4.797641],[-75.706495,4.797528],[-75.706462,4.797504],[-75.706441,4.797492],[-75.706416,4.797485],[-75.706396,4.797485],[-75.706385,4.797487],[-75.70635,4.797457],[-75.706293,4.797427],[-75.70614,4.797389],[-75.706098,4.797381],[-75.706059,4.797376],[-75.706019,4.797375],[-75.705969,4.797378],[-75.705927,4.79739],[-75.705845,4.79743],[-75.705823,4.797447],[-75.705805,4.797449],[-75.705608,4.797418],[-75.705488,4.797432],[-75.705466,4.797426],[-75.705422,4.797458],[-75.705363,4.797497],[-75.70531,4.797529],[-75.705251,4.79756],[-75.705074,4.79764],[-75.704984,4.797663],[-75.704892,4.79771],[-75.70488,4.797725],[-75.704833,4.79772],[-75.704773,4.797759],[-75.704617,4.797827],[-75.704574,4.797857],[-75.704504,4.797883],[-75.704383,4.797956],[-75.70436,4.797973],[-75.70435,4.79803],[-75.704332,4.798087],[-75.704306,4.798145],[-75.704287,4.798226],[-75.704292,4.798247],[-75.704279,4.798265],[-75.704258,4.798343],[-75.704252,4.798363],[-75.703939,4.79859],[-75.70381,4.798439],[-75.703425,4.798731],[-75.70341,4.798656],[-75.703375,4.798596],[-75.703341,4.798576],[-75.703141,4.798368],[-75.702969,4.798251],[-75.70281,4.798078],[-75.702719,4.797944],[-75.702646,4.797725],[-75.702611,4.797664],[-75.702565,4.797625],[-75.702549,4.797625],[-75.702525,4.797639],[-75.702514,4.797661],[-75.702513,4.797702],[-75.702538,4.79781],[-75.702479,4.797986],[-75.702459,4.798089],[-75.702467,4.798143],[-75.702559,4.798501],[-75.702618,4.798787],[-75.702012,4.799241]]]}},{"type":"Feature","properties":{"id_comuna":8,"cod_suelo":"6600101","codcom":"05","nombre":"Comuna Oriente","norma":"Ac 63/1992","act_geogra":"2006-07-01T04:00:00.000Z","area":844544.688783},"geometry":{"type":"Polygon","coordinates":[[[-75.686485,4.814618],[-75.683578,4.814267],[-75.683526,4.814272],[-75.68347,4.814294],[-75.683448,4.814306],[-75.683423,4.814325],[-75.683402,4.814348],[-75.683258,4.81459],[-75.683029,4.814951],[-75.683008,4.814945],[-75.682742,4.814914],[-75.682147,4.814902],[-75.681626,4.81486],[-75.681351,4.814789],[-75.680923,4.814564],[-75.680521,4.814347],[-75.679523,4.813544],[-75.679236,4.813385],[-75.679114,4.813337],[-75.678733,4.813227],[-75.678413,4.813137],[-75.677998,4.813089],[-75.677309,4.812963],[-75.67722,4.812956],[-75.676962,4.812894],[-75.676831,4.812859],[-75.676443,4.812558],[-75.676144,4.812325],[-75.675825,4.812147],[-75.675709,4.812113],[-75.675274,4.812037],[-75.675035,4.81196],[-75.674844,4.811844],[-75.674593,4.811639],[-75.674451,4.811059],[-75.674369,4.810899],[-75.673954,4.810517],[-75.673648,4.810393],[-75.673349,4.810345],[-75.672845,4.810275],[-75.672278,4.81015],[-75.671231,4.809636],[-75.671054,4.809533],[-75.670753,4.809387],[-75.670556,4.809346],[-75.670474,4.809312],[-75.670024,4.808831],[-75.669338,4.808127],[-75.669154,4.808064],[-75.668889,4.807995],[-75.668705,4.807838],[-75.668617,4.80764],[-75.668441,4.806866],[-75.668367,4.806668],[-75.668306,4.806565],[-75.66802,4.806428],[-75.667277,4.806276],[-75.667046,4.806221],[-75.666821,4.806043],[-75.666638,4.805934],[-75.666011,4.805091],[-75.665665,4.804824],[-75.665427,4.804673],[-75.664808,4.804549],[-75.66459,4.804516],[-75.664131,4.804459],[-75.663909,4.804378],[-75.663748,4.804219],[-75.663582,4.804014],[-75.66337,4.803617],[-75.663232,4.80331],[-75.663191,4.80322],[-75.663142,4.803129],[-75.663057,4.802971],[-75.663679,4.80234],[-75.664118,4.801762],[-75.66751,4.803787],[-75.667588,4.803792],[-75.667657,4.803794],[-75.667743,4.803794],[-75.66793,4.803824],[-75.668021,4.803823],[-75.668163,4.803774],[-75.668205,4.803746],[-75.668223,4.803708],[-75.668253,4.803615],[-75.668319,4.803298],[-75.668335,4.80316],[-75.668605,4.803328],[-75.669084,4.803731],[-75.669177,4.803829],[-75.669275,4.803936],[-75.669356,4.804027],[-75.669421,4.804102],[-75.669578,4.804315],[-75.669689,4.804427],[-75.669728,4.804452],[-75.669755,4.804466],[-75.669782,4.804476],[-75.669806,4.804484],[-75.669878,4.804495],[-75.669952,4.804511],[-75.670009,4.804525],[-75.670072,4.804544],[-75.67013,4.804573],[-75.670187,4.804626],[-75.670269,4.804744],[-75.670335,4.804843],[-75.670442,4.805008],[-75.670533,4.805139],[-75.670619,4.80523],[-75.670816,4.80538],[-75.671075,4.805569],[-75.67123,4.805677],[-75.671366,4.805743],[-75.671622,4.805894],[-75.671689,4.80595],[-75.671792,4.806019],[-75.6721,4.806189],[-75.67234,4.806334],[-75.672439,4.806419],[-75.672525,4.806523],[-75.672709,4.806842],[-75.672748,4.806909],[-75.672753,4.806918],[-75.675107,4.806923],[-75.675088,4.807005],[-75.675152,4.807194],[-75.675172,4.807297],[-75.675199,4.807395],[-75.675227,4.807475],[-75.675137,4.807835],[-75.675132,4.807877],[-75.675004,4.808044],[-75.675154,4.80807],[-75.675395,4.80811],[-75.675586,4.80814],[-75.675726,4.808162],[-75.675982,4.808234],[-75.676241,4.808382],[-75.676456,4.808547],[-75.676791,4.808714],[-75.67747,4.808952],[-75.67807,4.809236],[-75.678385,4.8094],[-75.67854,4.809474],[-75.679475,4.810062],[-75.679536,4.810111],[-75.679618,4.810175],[-75.680006,4.810699],[-75.680426,4.811189],[-75.680618,4.811325],[-75.680947,4.811435],[-75.680881,4.811957],[-75.681144,4.812059],[-75.681614,4.812328],[-75.681719,4.812358],[-75.681642,4.812815],[-75.682097,4.812869],[-75.682528,4.812852],[-75.682621,4.81288],[-75.682736,4.813067],[-75.683057,4.813339],[-75.683188,4.813379],[-75.683272,4.813377],[-75.684097,4.813483],[-75.685002,4.813589],[-75.685782,4.813685],[-75.68662,4.813772],[-75.687342,4.813864],[-75.686643,4.814429],[-75.686542,4.814524],[-75.686485,4.814618]]]}},{"type":"Feature","properties":{"id_comuna":18,"cod_suelo":"6600101","codcom":"15","nombre":"Comuna El Oso","norma":"Ac 63/1992","act_geogra":"2006-07-01T04:00:00.000Z","area":3645218.97508},"geometry":{"type":"Polygon","coordinates":[[[-75.736518,4.805187],[-75.736387,4.805069],[-75.73599,4.804756],[-75.736004,4.804625],[-75.735993,4.804521],[-75.735913,4.804388],[-75.735838,4.804344],[-75.734861,4.804045],[-75.734338,4.803857],[-75.734265,4.803816],[-75.734193,4.803743],[-75.734154,4.803668],[-75.734059,4.803683],[-75.733734,4.803765],[-75.733627,4.80381],[-75.732729,4.804029],[-75.73259,4.804077],[-75.732337,4.804124],[-75.73206,4.804123],[-75.73177,4.804059],[-75.73135,4.803863],[-75.731175,4.80374],[-75.730358,4.802675],[-75.730107,4.802385],[-75.730008,4.802305],[-75.728865,4.8017],[-75.727466,4.800638],[-75.726776,4.800283],[-75.726431,4.800099],[-75.725794,4.799699],[-75.725133,4.799266],[-75.722956,4.797548],[-75.722769,4.797351],[-75.722707,4.797293],[-75.722448,4.797136],[-75.722089,4.796852],[-75.721973,4.796729],[-75.721686,4.796356],[-75.721512,4.7962],[-75.721131,4.795897],[-75.720973,4.795764],[-75.720794,4.795656],[-75.720529,4.795518],[-75.720174,4.795375],[-75.719801,4.795162],[-75.719351,4.794918],[-75.719279,4.794867],[-75.719014,4.794717],[-75.718413,4.794334],[-75.718103,4.794077],[-75.717915,4.793968],[-75.71776,4.793907],[-75.717665,4.793853],[-75.717363,4.793654],[-75.717287,4.793598],[-75.717205,4.793559],[-75.717095,4.793524],[-75.716988,4.793513],[-75.716803,4.793539],[-75.71668,4.793585],[-75.716581,4.793641],[-75.716251,4.793779],[-75.716178,4.793786],[-75.716132,4.793773],[-75.716093,4.793749],[-75.716036,4.793687],[-75.715971,4.793595],[-75.715735,4.793288],[-75.715697,4.793247],[-75.715611,4.793206],[-75.715457,4.793157],[-75.71531,4.79313],[-75.715272,4.793107],[-75.715241,4.793074],[-75.715204,4.793019],[-75.715093,4.792885],[-75.715027,4.79282],[-75.714829,4.792687],[-75.714701,4.792616],[-75.7146,4.792536],[-75.714482,4.792455],[-75.714422,4.792421],[-75.714197,4.792282],[-75.713968,4.792161],[-75.713696,4.792038],[-75.713439,4.791974],[-75.713386,4.791968],[-75.713082,4.791952],[-75.71304,4.791941],[-75.712984,4.791913],[-75.712923,4.791869],[-75.712873,4.791817],[-75.712604,4.791346],[-75.712502,4.791154],[-75.712386,4.790891],[-75.712371,4.790763],[-75.712354,4.790719],[-75.712331,4.790692],[-75.712314,4.790669],[-75.712303,4.790651],[-75.712299,4.790632],[-75.712296,4.790506],[-75.712269,4.790316],[-75.712257,4.79026],[-75.712242,4.790227],[-75.712223,4.790193],[-75.712205,4.790166],[-75.712151,4.79011],[-75.712112,4.790083],[-75.712003,4.790044],[-75.711945,4.79004],[-75.71181,4.790068],[-75.71163,4.790136],[-75.711485,4.790202],[-75.711271,4.790292],[-75.711237,4.790302],[-75.711133,4.790313],[-75.711085,4.790307],[-75.711045,4.790298],[-75.710879,4.790212],[-75.710756,4.79016],[-75.710613,4.79008],[-75.71049,4.790006],[-75.710371,4.78993],[-75.710296,4.789863],[-75.709892,4.789463],[-75.709877,4.789423],[-75.709851,4.789225],[-75.709827,4.788995],[-75.709788,4.788915],[-75.70975,4.788847],[-75.709717,4.788794],[-75.709556,4.788595],[-75.709516,4.788529],[-75.709474,4.788464],[-75.709438,4.788413],[-75.709156,4.788112],[-75.709065,4.788019],[-75.709039,4.787994],[-75.708996,4.787959],[-75.708957,4.787932],[-75.708941,4.787923],[-75.708887,4.787894],[-75.708862,4.787887],[-75.708835,4.787888],[-75.708805,4.787892],[-75.708765,4.787902],[-75.708603,4.787957],[-75.708569,4.787971],[-75.708525,4.787991],[-75.708475,4.788018],[-75.708404,4.788039],[-75.708338,4.788063],[-75.708298,4.78808],[-75.708207,4.788144],[-75.708139,4.788224],[-75.70806,4.788311],[-75.708037,4.788326],[-75.708014,4.788338],[-75.707983,4.788348],[-75.707966,4.78835],[-75.707941,4.788354],[-75.707913,4.788352],[-75.707895,4.788347],[-75.707846,4.788322],[-75.707739,4.788211],[-75.707526,4.787976],[-75.707455,4.787887],[-75.707385,4.787806],[-75.707292,4.787713],[-75.707254,4.787659],[-75.707238,4.787614],[-75.707223,4.787538],[-75.707199,4.787447],[-75.707173,4.787162],[-75.707146,4.787066],[-75.707096,4.786982],[-75.707023,4.786914],[-75.706866,4.786826],[-75.706733,4.786784],[-75.706577,4.786725],[-75.706336,4.786625],[-75.706086,4.786517],[-75.705984,4.786488],[-75.705844,4.786473],[-75.70573,4.786481],[-75.705577,4.786511],[-75.70537,4.786574],[-75.705287,4.786592],[-75.70522,4.786595],[-75.705161,4.786574],[-75.705089,4.786527],[-75.705016,4.786451],[-75.704943,4.786347],[-75.704759,4.786061],[-75.704694,4.785949],[-75.704604,4.785771],[-75.704514,4.785561],[-75.704407,4.78535],[-75.704316,4.785183],[-75.704194,4.784974],[-75.704122,4.784871],[-75.70407,4.784813],[-75.703959,4.784702],[-75.703842,4.784591],[-75.703768,4.784494],[-75.703694,4.784365],[-75.703589,4.78415],[-75.703547,4.784092],[-75.703497,4.784047],[-75.703406,4.783996],[-75.70331,4.783961],[-75.703216,4.783933],[-75.703059,4.783896],[-75.702972,4.7839],[-75.702897,4.78392],[-75.702826,4.783962],[-75.702777,4.784005],[-75.70271,4.784092],[-75.70264,4.784192],[-75.702601,4.784221],[-75.702546,4.78424],[-75.702506,4.784246],[-75.702437,4.784241],[-75.702386,4.78422],[-75.702327,4.784185],[-75.702283,4.784146],[-75.702214,4.784031],[-75.702122,4.783855],[-75.70204,4.783704],[-75.702011,4.783658],[-75.701977,4.783623],[-75.701934,4.783587],[-75.701894,4.783571],[-75.701862,4.783564],[-75.701831,4.783561],[-75.70176,4.783567],[-75.701663,4.783568],[-75.701586,4.783552],[-75.701547,4.783532],[-75.701504,4.783492],[-75.70148,4.783441],[-75.701464,4.783396],[-75.701454,4.783362],[-75.701442,4.783272],[-75.70144,4.783194],[-75.701449,4.783111],[-75.701464,4.783045],[-75.701512,4.782904],[-75.701549,4.782785],[-75.701559,4.782736],[-75.701555,4.782709],[-75.701525,4.782636],[-75.701494,4.782544],[-75.701433,4.782425],[-75.701397,4.782371],[-75.701355,4.782328],[-75.701247,4.782238],[-75.701175,4.782183],[-75.701053,4.782039],[-75.70102,4.781977],[-75.700988,4.781909],[-75.700967,4.781854],[-75.700942,4.781747],[-75.700929,4.781626],[-75.700935,4.781476],[-75.700945,4.781345],[-75.700945,4.781229],[-75.700932,4.78114],[-75.700886,4.781076],[-75.700824,4.78102],[-75.700752,4.780988],[-75.700678,4.780977],[-75.700561,4.780794],[-75.700422,4.780665],[-75.700385,4.780605],[-75.700347,4.780526],[-75.700345,4.780495],[-75.700404,4.780332],[-75.70042,4.780264],[-75.70042,4.780126],[-75.700441,4.780042],[-75.700472,4.779944],[-75.700511,4.779862],[-75.700569,4.779798],[-75.700633,4.77974],[-75.700714,4.779739],[-75.700762,4.779759],[-75.700804,4.779796],[-75.700862,4.779869],[-75.700912,4.779961],[-75.701004,4.780046],[-75.70115,4.780263],[-75.701533,4.780255],[-75.701824,4.780319],[-75.702324,4.780412],[-75.702534,4.780458],[-75.702716,4.780485],[-75.704818,4.780755],[-75.705109,4.780856],[-75.705236,4.780902],[-75.705391,4.780966],[-75.7056,4.781039],[-75.7057,4.781067],[-75.708675,4.782014],[-75.712641,4.783309],[-75.71657,4.784934],[-75.716679,4.785007],[-75.716924,4.785272],[-75.717315,4.785456],[-75.717588,4.785575],[-75.717998,4.785631],[-75.718235,4.785576],[-75.718699,4.785413],[-75.719529,4.784876],[-75.719711,4.78484],[-75.720494,4.78475],[-75.720703,4.784714],[-75.721313,4.78466],[-75.721577,4.784652],[-75.721932,4.784598],[-75.722926,4.784382],[-75.722987,4.784429],[-75.723049,4.784536],[-75.723133,4.784659],[-75.723159,4.784736],[-75.72321,4.784783],[-75.723271,4.784876],[-75.723332,4.784955],[-75.723398,4.785033],[-75.723471,4.785104],[-75.723541,4.78515],[-75.723616,4.785146],[-75.723697,4.785148],[-75.723768,4.785153],[-75.723822,4.785168],[-75.72405,4.785244],[-75.724143,4.785269],[-75.724378,4.78529],[-75.724694,4.785385],[-75.725111,4.785603],[-75.725224,4.785651],[-75.725359,4.785701],[-75.7255,4.785743],[-75.72559,4.785765],[-75.725719,4.78577],[-75.725832,4.785771],[-75.725936,4.785776],[-75.72604,4.785797],[-75.726098,4.785819],[-75.726146,4.785855],[-75.726274,4.785986],[-75.726377,4.786135],[-75.726392,4.786174],[-75.726485,4.786382],[-75.726588,4.786737],[-75.726633,4.786986],[-75.726667,4.787042],[-75.726859,4.787226],[-75.726933,4.787276],[-75.727013,4.787336],[-75.727082,4.787395],[-75.727133,4.787443],[-75.727418,4.78777],[-75.727547,4.787858],[-75.727657,4.787951],[-75.727719,4.78799],[-75.727756,4.788006],[-75.727804,4.788021],[-75.727856,4.78803],[-75.728047,4.788051],[-75.728104,4.788057],[-75.728165,4.788069],[-75.728226,4.788085],[-75.72827,4.7881],[-75.728499,4.78823],[-75.728567,4.788282],[-75.728647,4.788351],[-75.728729,4.788435],[-75.728744,4.788467],[-75.728765,4.788502],[-75.728792,4.788537],[-75.728826,4.78857],[-75.729066,4.788775],[-75.729131,4.788848],[-75.729188,4.788897],[-75.72924,4.788934],[-75.729277,4.788956],[-75.729404,4.788996],[-75.729556,4.789017],[-75.729654,4.78905],[-75.729711,4.789028],[-75.729854,4.789039],[-75.73009,4.789043],[-75.73013,4.78903],[-75.730174,4.789024],[-75.730209,4.789023],[-75.730305,4.789079],[-75.730338,4.789111],[-75.730371,4.789156],[-75.730395,4.789201],[-75.73044,4.789249],[-75.730444,4.789268],[-75.730469,4.789281],[-75.7305,4.789303],[-75.730522,4.789325],[-75.730537,4.789344],[-75.730629,4.789394],[-75.73071,4.789432],[-75.730768,4.789455],[-75.730849,4.789468],[-75.730925,4.789471],[-75.730983,4.789467],[-75.731027,4.78946],[-75.731193,4.789405],[-75.731229,4.789398],[-75.731239,4.789403],[-75.731257,4.789395],[-75.731387,4.789409],[-75.731454,4.789428],[-75.731511,4.789455],[-75.73158,4.789499],[-75.73163,4.789539],[-75.73176,4.789675],[-75.731806,4.789764],[-75.731834,4.789885],[-75.731872,4.790117],[-75.731882,4.790217],[-75.731885,4.790284],[-75.731884,4.790352],[-75.731863,4.79046],[-75.731846,4.790573],[-75.731835,4.790693],[-75.731833,4.790704],[-75.731811,4.790777],[-75.731801,4.790789],[-75.731781,4.790878],[-75.73178,4.790922],[-75.731786,4.790961],[-75.731801,4.791009],[-75.731826,4.791054],[-75.731936,4.791193],[-75.731956,4.791217],[-75.731975,4.791236],[-75.731993,4.791251],[-75.732049,4.791321],[-75.732106,4.791416],[-75.732114,4.791436],[-75.732144,4.791482],[-75.732194,4.791539],[-75.732293,4.791678],[-75.732313,4.791714],[-75.732369,4.791785],[-75.732411,4.791825],[-75.732421,4.791841],[-75.73243,4.791852],[-75.732442,4.791865],[-75.732492,4.791912],[-75.732514,4.791928],[-75.732539,4.791949],[-75.73256,4.791969],[-75.732618,4.79205],[-75.73263,4.792072],[-75.732645,4.792095],[-75.732658,4.792113],[-75.73269,4.792181],[-75.732696,4.792204],[-75.732704,4.792223],[-75.73271,4.792237],[-75.732777,4.79233],[-75.732878,4.792533],[-75.732936,4.79261],[-75.732952,4.792635],[-75.732964,4.792663],[-75.732973,4.79269],[-75.732979,4.792717],[-75.73298,4.792737],[-75.732979,4.793044],[-75.732983,4.79307],[-75.733015,4.793128],[-75.73304,4.793145],[-75.733076,4.793174],[-75.733101,4.793197],[-75.733124,4.793212],[-75.733147,4.793232],[-75.733167,4.793253],[-75.73318,4.793269],[-75.733219,4.793328],[-75.733225,4.793345],[-75.733228,4.793361],[-75.73323,4.793374],[-75.733239,4.793398],[-75.733255,4.793434],[-75.733276,4.793474],[-75.733292,4.793498],[-75.733317,4.793529],[-75.73334,4.793554],[-75.733369,4.793578],[-75.733445,4.793634],[-75.733564,4.793674],[-75.733654,4.79372],[-75.733743,4.793774],[-75.733917,4.793821],[-75.733936,4.79383],[-75.734081,4.793945],[-75.734121,4.793984],[-75.734205,4.794083],[-75.734256,4.794155],[-75.734326,4.794226],[-75.73437,4.794263],[-75.734407,4.794297],[-75.734448,4.794339],[-75.734471,4.794363],[-75.734539,4.794428],[-75.734561,4.794446],[-75.734615,4.7945],[-75.734721,4.794581],[-75.734778,4.794612],[-75.734816,4.794643],[-75.734877,4.794674],[-75.734908,4.794694],[-75.734939,4.794721],[-75.734984,4.794748],[-75.735027,4.794783],[-75.735135,4.794843],[-75.73518,4.794874],[-75.73524,4.794908],[-75.735329,4.794987],[-75.73539,4.795059],[-75.7354,4.795075],[-75.73541,4.795096],[-75.735416,4.795115],[-75.735421,4.795142],[-75.735422,4.795163],[-75.735422,4.795181],[-75.73541,4.795361],[-75.735415,4.79542],[-75.735422,4.795445],[-75.735431,4.795471],[-75.735439,4.795487],[-75.735449,4.795531],[-75.735464,4.795568],[-75.735474,4.795605],[-75.73548,4.795641],[-75.735484,4.795674],[-75.73551,4.795767],[-75.73552,4.795791],[-75.735534,4.795808],[-75.735609,4.795857],[-75.735625,4.795861],[-75.735647,4.795869],[-75.735665,4.79588],[-75.735712,4.795917],[-75.735737,4.795954],[-75.735776,4.795997],[-75.735796,4.796032],[-75.735874,4.796139],[-75.735887,4.796168],[-75.735912,4.796199],[-75.735931,4.796226],[-75.735944,4.796249],[-75.735969,4.796278],[-75.736005,4.796339],[-75.73602,4.796389],[-75.736031,4.796409],[-75.736048,4.796429],[-75.736062,4.796447],[-75.73607,4.796461],[-75.736087,4.79647],[-75.736117,4.796512],[-75.73613,4.79653],[-75.736208,4.796589],[-75.736225,4.796596],[-75.73628,4.796637],[-75.736341,4.796703],[-75.736356,4.796739],[-75.736436,4.796813],[-75.736486,4.796914],[-75.736495,4.796931],[-75.736508,4.796952],[-75.736522,4.796971],[-75.736592,4.797046],[-75.736622,4.79707],[-75.736654,4.797101],[-75.736687,4.797135],[-75.736719,4.79717],[-75.73675,4.797212],[-75.736792,4.797254],[-75.736854,4.797338],[-75.736886,4.797405],[-75.7369,4.797487],[-75.736916,4.797505],[-75.736916,4.797548],[-75.736922,4.79758],[-75.736956,4.797658],[-75.737001,4.797696],[-75.736626,4.798302],[-75.736573,4.798367],[-75.73645,4.798535],[-75.736461,4.798575],[-75.73634,4.79876],[-75.73627,4.798821],[-75.736079,4.799034],[-75.735884,4.799297],[-75.735704,4.799527],[-75.73573,4.799611],[-75.735701,4.799722],[-75.735663,4.799836],[-75.735649,4.799923],[-75.735668,4.800059],[-75.735716,4.800188],[-75.735779,4.800239],[-75.736056,4.800157],[-75.736334,4.80001],[-75.736364,4.799927],[-75.736336,4.799829],[-75.736614,4.799671],[-75.736876,4.799584],[-75.73706,4.799565],[-75.737489,4.799669],[-75.7376,4.799744],[-75.737781,4.799811],[-75.737833,4.799814],[-75.738064,4.799896],[-75.738015,4.800017],[-75.737958,4.800361],[-75.737836,4.800395],[-75.737687,4.800904],[-75.737806,4.800886],[-75.737843,4.800883],[-75.737877,4.800894],[-75.738009,4.80096],[-75.737668,4.80206],[-75.737468,4.802676],[-75.737309,4.803216],[-75.737238,4.803415],[-75.736907,4.804456],[-75.73681,4.804783],[-75.736733,4.804945],[-75.736653,4.805052],[-75.736518,4.805187]],[[-75.729369,4.791725],[-75.727506,4.79336],[-75.727439,4.793401],[-75.727306,4.793525],[-75.727137,4.79369],[-75.727054,4.793757],[-75.72662,4.79416],[-75.726216,4.795279],[-75.726091,4.795409],[-75.726048,4.795448],[-75.725984,4.795502],[-75.725913,4.795558],[-75.725868,4.795612],[-75.725834,4.795667],[-75.725813,4.795762],[-75.725715,4.795895],[-75.725671,4.795938],[-75.725667,4.795959],[-75.725667,4.796032],[-75.725676,4.796067],[-75.725711,4.796144],[-75.725758,4.796166],[-75.725905,4.796168],[-75.726029,4.796189],[-75.726107,4.796217],[-75.726347,4.796292],[-75.726498,4.796319],[-75.726725,4.796331],[-75.72681,4.796355],[-75.726868,4.796391],[-75.726882,4.796411],[-75.726879,4.796426],[-75.726815,4.796473],[-75.7268,4.796491],[-75.726791,4.796519],[-75.726795,4.796599],[-75.726806,4.796657],[-75.726835,4.796695],[-75.726906,4.796743],[-75.726938,4.796777],[-75.726956,4.796829],[-75.726989,4.796984],[-75.727037,4.797135],[-75.727067,4.797193],[-75.727072,4.797231],[-75.727066,4.797427],[-75.727079,4.797516],[-75.72712,4.797598],[-75.727172,4.79766],[-75.727241,4.797703],[-75.727276,4.797719],[-75.727324,4.797745],[-75.727361,4.797771],[-75.727622,4.797943],[-75.727665,4.797964],[-75.727737,4.79799],[-75.72783,4.798009],[-75.72793,4.798012],[-75.728044,4.79799],[-75.72814,4.797959],[-75.728293,4.797886],[-75.728379,4.79783],[-75.728526,4.797799],[-75.728567,4.797805],[-75.728624,4.797827],[-75.728659,4.797858],[-75.728707,4.797897],[-75.728751,4.79793],[-75.728814,4.797969],[-75.728868,4.797979],[-75.728927,4.797964],[-75.729,4.797895],[-75.729194,4.797789],[-75.729265,4.797729],[-75.729342,4.797668],[-75.729412,4.797616],[-75.729449,4.797609],[-75.729512,4.797613],[-75.729534,4.797609],[-75.729587,4.797605],[-75.729635,4.797605],[-75.729674,4.797618],[-75.729717,4.797663],[-75.729767,4.79774],[-75.729909,4.798074],[-75.729963,4.798171],[-75.729993,4.798276],[-75.730002,4.798334],[-75.729999,4.798539],[-75.730003,4.798599],[-75.73002,4.79866],[-75.730059,4.798709],[-75.730111,4.798722],[-75.73017,4.798719],[-75.730217,4.798696],[-75.730258,4.798624],[-75.730318,4.798527],[-75.730372,4.79845],[-75.730409,4.798417],[-75.730455,4.798409],[-75.7305,4.798423],[-75.730533,4.798454],[-75.730552,4.798478],[-75.730573,4.798508],[-75.730595,4.798542],[-75.730652,4.798609],[-75.730717,4.798664],[-75.730762,4.798691],[-75.73082,4.798721],[-75.730871,4.798742],[-75.730911,4.798748],[-75.730963,4.798741],[-75.731013,4.798702],[-75.731093,4.79861],[-75.731166,4.798573],[-75.731194,4.798568],[-75.731236,4.798561],[-75.731285,4.798557],[-75.731326,4.798557],[-75.731348,4.798559],[-75.731369,4.798564],[-75.731387,4.798571],[-75.731409,4.798583],[-75.731459,4.798628],[-75.731491,4.798669],[-75.731516,4.798704],[-75.731556,4.798772],[-75.731632,4.798865],[-75.73174,4.798923],[-75.731805,4.798936],[-75.731855,4.79895],[-75.731898,4.798965],[-75.732022,4.799032],[-75.732085,4.799084],[-75.732124,4.79913],[-75.732158,4.799177],[-75.732189,4.799228],[-75.732213,4.799286],[-75.732234,4.799352],[-75.732323,4.799522],[-75.73236,4.799628],[-75.732408,4.799701],[-75.732497,4.79989],[-75.732508,4.799927],[-75.732536,4.799977],[-75.732666,4.800095],[-75.732747,4.800148],[-75.732807,4.800166],[-75.732838,4.800175],[-75.732869,4.80018],[-75.732911,4.800183],[-75.732965,4.8002],[-75.733045,4.800251],[-75.733087,4.800288],[-75.733131,4.800325],[-75.733193,4.800372],[-75.733238,4.800391],[-75.733304,4.800393],[-75.73341,4.800244],[-75.733726,4.799894],[-75.734298,4.799399],[-75.734423,4.79942],[-75.734487,4.799398],[-75.73471,4.799265],[-75.734892,4.799173],[-75.735325,4.798864],[-75.735285,4.798785],[-75.735238,4.798727],[-75.735228,4.798711],[-75.73522,4.798668],[-75.735227,4.798647],[-75.735261,4.798612],[-75.73527,4.798598],[-75.73528,4.798576],[-75.735289,4.798553],[-75.735306,4.798536],[-75.735334,4.798478],[-75.73534,4.798461],[-75.735363,4.798337],[-75.735385,4.798269],[-75.735412,4.798104],[-75.735414,4.798076],[-75.735408,4.79805],[-75.735368,4.797944],[-75.735319,4.797859],[-75.735263,4.7978],[-75.735227,4.79774],[-75.735206,4.797713],[-75.735169,4.797677],[-75.735104,4.797596],[-75.73509,4.797584],[-75.735069,4.797569],[-75.735038,4.797551],[-75.734993,4.797517],[-75.734946,4.797495],[-75.734896,4.797474],[-75.734856,4.797459],[-75.734835,4.797444],[-75.734812,4.79743],[-75.734787,4.797419],[-75.734653,4.797332],[-75.734517,4.797212],[-75.734401,4.797099],[-75.734358,4.797071],[-75.734313,4.797039],[-75.734278,4.797011],[-75.734218,4.796949],[-75.734172,4.796887],[-75.734146,4.796863],[-75.734121,4.796836],[-75.734105,4.796815],[-75.734053,4.79677],[-75.734009,4.796724],[-75.733966,4.796671],[-75.733913,4.796621],[-75.733893,4.796606],[-75.733836,4.796574],[-75.733816,4.796567],[-75.733755,4.796556],[-75.733673,4.796511],[-75.73362,4.796494],[-75.733587,4.796475],[-75.733466,4.796375],[-75.733425,4.796357],[-75.733295,4.796263],[-75.733273,4.796243],[-75.733147,4.796114],[-75.733119,4.79608],[-75.733079,4.796048],[-75.73299,4.795939],[-75.73297,4.795921],[-75.732952,4.795911],[-75.732878,4.795851],[-75.732865,4.795835],[-75.732854,4.795817],[-75.732844,4.795797],[-75.73283,4.795777],[-75.732809,4.795753],[-75.732788,4.795731],[-75.732776,4.795721],[-75.732748,4.7957],[-75.732645,4.795646],[-75.73261,4.795607],[-75.732518,4.795535],[-75.732468,4.795501],[-75.732426,4.79548],[-75.73238,4.795453],[-75.732344,4.79543],[-75.73229,4.795402],[-75.732248,4.795371],[-75.732197,4.795346],[-75.732182,4.795333],[-75.73216,4.795318],[-75.732134,4.795304],[-75.732113,4.795295],[-75.732083,4.795286],[-75.732056,4.795281],[-75.731943,4.795241],[-75.731919,4.795231],[-75.731891,4.795217],[-75.731868,4.795202],[-75.731846,4.795195],[-75.731617,4.795154],[-75.731506,4.795138],[-75.73145,4.795136],[-75.731391,4.795131],[-75.731343,4.795124],[-75.7313,4.795114],[-75.731253,4.795106],[-75.731216,4.795102],[-75.731172,4.795091],[-75.731142,4.795071],[-75.731134,4.795062],[-75.731127,4.795047],[-75.731122,4.795028],[-75.731123,4.795009],[-75.731129,4.794969],[-75.731153,4.79488],[-75.731181,4.794668],[-75.731195,4.794625],[-75.731198,4.794567],[-75.731195,4.794532],[-75.731192,4.794483],[-75.731192,4.794433],[-75.73119,4.794413],[-75.731185,4.794396],[-75.731177,4.794381],[-75.731177,4.794343],[-75.731172,4.794314],[-75.731159,4.794292],[-75.731146,4.794277],[-75.731139,4.794258],[-75.731143,4.794239],[-75.731135,4.794222],[-75.731125,4.79416],[-75.731114,4.794117],[-75.731103,4.794093],[-75.731088,4.794072],[-75.731038,4.794025],[-75.730936,4.793855],[-75.730872,4.793778],[-75.730779,4.793682],[-75.730752,4.793662],[-75.730707,4.793623],[-75.730666,4.793584],[-75.730627,4.793544],[-75.730595,4.793509],[-75.730468,4.793351],[-75.730457,4.793346],[-75.730397,4.793284],[-75.730277,4.79315],[-75.730257,4.793115],[-75.730028,4.792848],[-75.72991,4.792632],[-75.729888,4.792603],[-75.729857,4.792486],[-75.729789,4.792418],[-75.729786,4.792407],[-75.729762,4.79237],[-75.729681,4.792292],[-75.729667,4.792274],[-75.729654,4.792253],[-75.729612,4.792158],[-75.729576,4.792059],[-75.729541,4.791978],[-75.729444,4.791825],[-75.729406,4.791777],[-75.729369,4.791725]]]}},{"type":"Feature","properties":{"id_comuna":2,"cod_suelo":"6600101","codcom":"02","nombre":"Comuna Rio Otun","norma":"Ac 63/1992","act_geogra":"2006-07-01T04:00:00.000Z","area":1705304.13336},"geometry":{"type":"Polygon","coordinates":[[[-75.724839,4.816812],[-75.724838,4.816829],[-75.724841,4.816848],[-75.724846,4.816861],[-75.724854,4.816992],[-75.72485,4.817019],[-75.724863,4.817054],[-75.724869,4.817132],[-75.724879,4.8172],[-75.724885,4.817306],[-75.7249,4.817413],[-75.724903,4.817501],[-75.724914,4.81752],[-75.724922,4.817558],[-75.724928,4.817612],[-75.724932,4.817741],[-75.724923,4.817768],[-75.724929,4.817794],[-75.724931,4.817823],[-75.724931,4.817849],[-75.724922,4.81788],[-75.72491,4.817969],[-75.72491,4.818108],[-75.724791,4.818049],[-75.7246,4.818006],[-75.724208,4.818001],[-75.724058,4.818044],[-75.723879,4.818087],[-75.723592,4.818107],[-75.723292,4.818121],[-75.72312,4.818164],[-75.722977,4.818192],[-75.722719,4.818249],[-75.72249,4.818292],[-75.722096,4.818442],[-75.721927,4.818528],[-75.721738,4.818621],[-75.721633,4.818686],[-75.72143,4.818809],[-75.721286,4.818857],[-75.721134,4.818915],[-75.720858,4.81903],[-75.720673,4.819073],[-75.720448,4.819085],[-75.719891,4.819106],[-75.71945,4.819175],[-75.719203,4.819233],[-75.719038,4.819297],[-75.718558,4.819605],[-75.71835,4.819719],[-75.718214,4.819762],[-75.71797,4.819819],[-75.717713,4.819854],[-75.717412,4.819847],[-75.716568,4.819737],[-75.716332,4.819658],[-75.716096,4.81955],[-75.715955,4.819546],[-75.715824,4.819578],[-75.715508,4.819778],[-75.715202,4.819921],[-75.714965,4.820058],[-75.714897,4.820109],[-75.71473,4.820163],[-75.714399,4.820129],[-75.713941,4.819952],[-75.713712,4.819844],[-75.713651,4.81983],[-75.713469,4.819904],[-75.713282,4.82004],[-75.713174,4.820148],[-75.712964,4.820445],[-75.712897,4.820546],[-75.712748,4.820593],[-75.712546,4.820559],[-75.712337,4.820416],[-75.712104,4.820221],[-75.711772,4.819983],[-75.711482,4.819955],[-75.711239,4.820029],[-75.711057,4.820197],[-75.710942,4.820346],[-75.71069,4.820897],[-75.710522,4.821095],[-75.710197,4.821448],[-75.709466,4.822049],[-75.709263,4.822178],[-75.708924,4.822251],[-75.708722,4.822183],[-75.708588,4.822026],[-75.708364,4.821898],[-75.708021,4.821892],[-75.707475,4.822066],[-75.707182,4.822242],[-75.706804,4.822572],[-75.706647,4.822707],[-75.706499,4.822781],[-75.706256,4.822774],[-75.705959,4.822692],[-75.705703,4.822563],[-75.70542,4.822421],[-75.705075,4.822338],[-75.70461,4.822202],[-75.704253,4.822127],[-75.703579,4.822011],[-75.70312,4.821896],[-75.702651,4.821853],[-75.702379,4.821865],[-75.701786,4.82203],[-75.701607,4.822074],[-75.701445,4.822094],[-75.700134,4.822125],[-75.699771,4.821935],[-75.699473,4.821628],[-75.699271,4.821493],[-75.698968,4.82135],[-75.698564,4.821126],[-75.698301,4.821092],[-75.698078,4.821065],[-75.697923,4.821051],[-75.697146,4.820914],[-75.695741,4.820453],[-75.695128,4.820351],[-75.695019,4.82035],[-75.694788,4.82035],[-75.69457,4.82039],[-75.69416,4.820505],[-75.693983,4.82056],[-75.693805,4.820634],[-75.69323,4.820875],[-75.692889,4.820939],[-75.692542,4.820947],[-75.692294,4.8209],[-75.692125,4.82092],[-75.691894,4.82089],[-75.691722,4.820822],[-75.691571,4.820699],[-75.691463,4.8205],[-75.691388,4.820237],[-75.691283,4.819935],[-75.691076,4.819644],[-75.690899,4.819444],[-75.690688,4.819349],[-75.690313,4.819293],[-75.690068,4.819306],[-75.689472,4.819447],[-75.689166,4.819467],[-75.688955,4.819439],[-75.688363,4.819179],[-75.688003,4.818792],[-75.687589,4.818468],[-75.687269,4.81833],[-75.686798,4.818223],[-75.686523,4.818159],[-75.685864,4.81789],[-75.685381,4.817664],[-75.685019,4.817312],[-75.684877,4.817134],[-75.684531,4.816492],[-75.684117,4.815857],[-75.683545,4.815205],[-75.683286,4.815034],[-75.683029,4.814951],[-75.683258,4.81459],[-75.683402,4.814348],[-75.683423,4.814325],[-75.683448,4.814306],[-75.68347,4.814294],[-75.683526,4.814272],[-75.683578,4.814267],[-75.686485,4.814618],[-75.686304,4.81634],[-75.687992,4.816527],[-75.689615,4.816731],[-75.689654,4.816744],[-75.690509,4.816831],[-75.694719,4.817338],[-75.699745,4.817903],[-75.69986,4.817061],[-75.702379,4.817348],[-75.704043,4.817529],[-75.704139,4.816697],[-75.706637,4.816969],[-75.709992,4.817371],[-75.711672,4.817566],[-75.711767,4.816724],[-75.712609,4.816832],[-75.712701,4.816067],[-75.713473,4.816268],[-75.715864,4.816456],[-75.716226,4.816493],[-75.716802,4.816356],[-75.717418,4.816175],[-75.717511,4.816324],[-75.717583,4.816366],[-75.717768,4.816416],[-75.718008,4.816436],[-75.718242,4.816561],[-75.718354,4.816654],[-75.718451,4.816788],[-75.718536,4.816917],[-75.718623,4.816982],[-75.718723,4.81703],[-75.718868,4.817044],[-75.719352,4.817032],[-75.719745,4.817018],[-75.720018,4.817085],[-75.720399,4.81724],[-75.720575,4.81727],[-75.720728,4.81726],[-75.721047,4.817193],[-75.721304,4.81719],[-75.721493,4.817192],[-75.721639,4.81718],[-75.721985,4.817136],[-75.722959,4.817045],[-75.723062,4.817015],[-75.723197,4.816962],[-75.72336,4.816923],[-75.723549,4.816905],[-75.723735,4.816911],[-75.724331,4.816956],[-75.724459,4.816942],[-75.724587,4.816909],[-75.72471,4.816858],[-75.724839,4.816812]]]}},{"type":"Feature","properties":{"id_comuna":9,"cod_suelo":"6600101","codcom":"04","nombre":"Comuna Villavicencio","norma":"Ac 63/1992","act_geogra":"2006-07-01T04:00:00.000Z","area":410063.741125},"geometry":{"type":"Polygon","coordinates":[[[-75.687342,4.813864],[-75.68662,4.813772],[-75.685782,4.813685],[-75.685002,4.813589],[-75.684097,4.813483],[-75.683272,4.813377],[-75.683188,4.813379],[-75.683057,4.813339],[-75.682736,4.813067],[-75.682621,4.81288],[-75.682528,4.812852],[-75.682097,4.812869],[-75.681642,4.812815],[-75.681719,4.812358],[-75.681614,4.812328],[-75.681144,4.812059],[-75.680881,4.811957],[-75.680947,4.811435],[-75.680618,4.811325],[-75.680426,4.811189],[-75.680006,4.810699],[-75.679618,4.810175],[-75.679536,4.810111],[-75.679475,4.810062],[-75.67854,4.809474],[-75.678385,4.8094],[-75.681174,4.809726],[-75.681262,4.808875],[-75.682106,4.808992],[-75.682248,4.807776],[-75.682448,4.807781],[-75.683493,4.808172],[-75.684726,4.808372],[-75.685526,4.808577],[-75.685638,4.808598],[-75.686329,4.808937],[-75.686272,4.809478],[-75.687948,4.809675],[-75.687745,4.811408],[-75.687638,4.812222],[-75.687634,4.81247],[-75.68757,4.812967],[-75.6875,4.813601],[-75.687432,4.813792],[-75.687342,4.813864]]]}}]}